,markerID,RotX,RotY,RotZ,FrameID
0,,,,,
1,24.0,-0.9153733955609166,0.5695807295338042,-0.7606020828569829,1501.0
2,24.0,-0.9153733955609166,0.5695807295338042,-0.7606020828569829,1502.0
3,24.0,-0.9153733955609166,0.5695807295338042,-0.7606020828569829,1503.0
4,24.0,-0.9181158779262426,0.5700495811337996,-0.7676636414969866,1504.0
5,24.0,-0.915991069816949,0.5697769037573805,-0.7633104459573616,1505.0
6,24.0,-0.9153733955609166,0.5695807295338042,-0.7606020828569829,1506.0
7,24.0,-0.9153733955609166,0.5695807295338042,-0.7606020828569829,1507.0
8,24.0,-0.9181158779262426,0.5700495811337996,-0.7676636414969866,1508.0
9,24.0,-0.9181158779262426,0.5700495811337996,-0.7676636414969866,1509.0
10,24.0,-0.9185206152888263,0.5705203039640253,-0.7618648380248244,1510.0
11,24.0,-0.9224636230966585,0.5694107698263855,-0.7668512784814088,1511.0
12,24.0,-0.9181158779262426,0.5700495811337996,-0.7676636414969866,1512.0
13,24.0,-0.9185206152888263,0.5705203039640253,-0.7618648380248244,1513.0
14,24.0,-0.9185206152888263,0.5705203039640253,-0.7618648380248244,1514.0
15,24.0,-0.9193664179759934,0.5685002012912687,-0.7656217947418195,1515.0
16,24.0,-0.9185206152888263,0.5705203039640253,-0.7618648380248244,1516.0
17,24.0,-0.9166076344027988,0.5697861990038544,-0.7640561470869387,1517.0
18,24.0,-0.9185206152888263,0.5705203039640253,-0.7618648380248244,1518.0
19,24.0,-0.9079556890038886,0.568503426339763,-0.7575558456583177,1519.0
20,24.0,-0.9166076344027988,0.5697861990038544,-0.7640561470869387,1520.0
21,24.0,-0.9166076344027988,0.5697861990038544,-0.7640561470869387,1521.0
22,24.0,-0.9095622764105765,0.5688016060390266,-0.7612429702062161,1522.0
23,24.0,-0.9095622764105765,0.5688016060390266,-0.7612429702062161,1523.0
24,24.0,-0.9109738484705131,0.5694282342463699,-0.7587180092823596,1524.0
25,24.0,-0.9109738484705131,0.5694282342463699,-0.7587180092823596,1525.0
26,24.0,-0.9079556890038886,0.568503426339763,-0.7575558456583177,1526.0
27,24.0,-0.9171670255135046,0.569865956665812,-0.7644777401831715,1527.0
28,24.0,-0.9115342920148227,0.5695108756643833,-0.7591407621890222,1528.0
29,24.0,-0.9115342920148227,0.5695108756643833,-0.7591407621890222,1529.0
30,24.0,-0.9085147667938888,0.568586575101428,-0.7579775487553169,1530.0
31,24.0,-0.9104288595077149,0.5689176924916336,-0.7619325767574078,1531.0
32,24.0,-0.9142729017475563,0.5698817913489526,-0.7639693931552372,1532.0
33,24.0,-0.9086227329767812,0.5695095277287064,-0.7586273579828556,1533.0
34,24.0,-0.9148315738352047,0.5699618752112711,-0.7643907727812063,1534.0
35,24.0,-0.911544072459324,0.5690795454281027,-0.7627737391445116,1535.0
36,24.0,-0.9121017177411495,0.5691602082681382,-0.7631941394369746,1536.0
37,24.0,-0.9070032317718926,0.5688572409808622,-0.7582780403140642,1537.0
38,24.0,-0.9114214221346045,0.5699225837530077,-0.7607386706798964,1538.0
39,24.0,-0.9090137037254431,0.5690909385012549,-0.7600358847693803,1539.0
40,24.0,-0.9125409868128088,0.5700865499080827,-0.7615822641910096,1540.0
41,24.0,-0.9131007681966705,0.5701682605639149,-0.7620038429609926,1541.0
42,24.0,-0.9062102348573967,0.5703665639754604,-0.7556570477843709,1542.0
43,24.0,-0.9067714644668262,0.57045174030514,-0.7560802486050413,1543.0
44,24.0,-0.9028677009353203,0.569103425807607,-0.7558871521306451,1544.0
45,24.0,-0.9084550253334616,0.570706144560657,-0.7573488640674313,1545.0
46,24.0,-0.9079335667858662,0.5694382857311907,-0.7580057887202416,1546.0
47,24.0,-0.9087981705753683,0.5695552646578597,-0.7586933895897398,1547.0
48,24.0,-0.9093575169729582,0.5696387730820418,-0.7591136395593674,1548.0
49,24.0,-0.9130592034881356,0.570728066497775,-0.7606449037497621,1549.0
50,24.0,-0.9094079878525131,0.570504430686536,-0.7573275039748486,1550.0
51,24.0,-0.9108938444093209,0.5686101825076895,-0.7615638035493804,1551.0
52,24.0,-0.9121532922753115,0.5700534124420775,-0.7612118567350186,1552.0
53,24.0,-0.9097028215692996,0.5684729496704932,-0.7577546971168575,1553.0
54,24.0,-0.9068255247687823,0.5689535020917758,-0.7509038127576737,1554.0
55,24.0,-0.9089185115255837,0.5679208850046011,-0.7581976008943817,1555.0
56,24.0,-0.9115346942806667,0.5687748019203127,-0.756451456272568,1556.0
57,24.0,-0.9126544377370406,0.5689437100089502,-0.7572859742481279,1557.0
58,24.0,-0.9152350283422178,0.5663679347671989,-0.7598679078783598,1558.0
59,24.0,-0.911788366343887,0.5676055263216804,-0.7549632350557791,1559.0
60,24.0,-0.9135669337151525,0.5685931780155828,-0.759089062888981,1560.0
61,24.0,-0.9134322844895869,0.5673077394114371,-0.7601703809915518,1561.0
62,24.0,-0.9126839916664049,0.5672526904821253,-0.7567606657922356,1562.0
63,24.0,-0.9201920980402334,0.5678838808876813,-0.7634804437724328,1563.0
64,24.0,-0.9205900549019689,0.5666664627344976,-0.7649453231580433,1564.0
65,24.0,-0.9139600652934169,0.5662375092122005,-0.7559994372234397,1565.0
66,24.0,-0.9163834640349244,0.5673187415584032,-0.7606178090199144,1566.0
67,24.0,-0.9121354002679253,0.5671598548351137,-0.7563068391855636,1567.0
68,24.0,-0.9143409911414219,0.5674941657359087,-0.757927818091306,1568.0
69,24.0,-0.9159923073278511,0.5677425244882299,-0.7591395285861254,1569.0
70,24.0,-0.9087740870025873,0.5666294560032019,-0.7537779876816694,1570.0
71,24.0,-0.9099696699422881,0.5655959867785999,-0.7557289574065874,1571.0
72,24.0,-0.9121465511742031,0.565927892630477,-0.757317278078356,1572.0
73,24.0,-0.9137757101611527,0.5661743585894357,-0.7585039962774669,1573.0
74,24.0,-0.9159430620357446,0.5664996790086768,-0.7600801033586336,1574.0
75,24.0,-0.9181046456190021,0.566821209875644,-0.7616489717846144,1575.0
76,24.0,-0.9105096698810486,0.5657293879298503,-0.7557683737907782,1576.0
77,24.0,-0.9069608696065764,0.5655784875750958,-0.752231037919741,1577.0
78,24.0,-0.9041879006455518,0.5646274619535084,-0.7487160029372977,1578.0
79,24.0,-0.9081227464462319,0.5645217071321872,-0.7514890391313513,1579.0
80,24.0,-0.9022250663542398,0.5647861052404721,-0.7460220617700986,1580.0
81,24.0,-0.9063706221990417,0.564136701744132,-0.7531035357674568,1581.0
82,24.0,-0.9095889322074074,0.5659324447014349,-0.7541909871898494,1582.0
83,24.0,-0.905471407920723,0.5657593185130546,-0.7499496626760818,1583.0
84,24.0,-0.9039469567103178,0.5650785732053953,-0.7497290968985959,1584.0
85,24.0,-0.9001880938555868,0.5648646799672429,-0.7460312067461689,1585.0
86,24.0,-0.9055002689714129,0.5648136323123207,-0.7519889802769175,1586.0
87,24.0,-0.9012792665080909,0.5645994840686946,-0.7476796127140141,1587.0
88,24.0,-0.8992678916590119,0.5625242149496895,-0.748567117014492,1588.0
89,24.0,-0.8989155621917679,0.564650388975101,-0.7448762675613654,1589.0
90,24.0,-0.8966656925108581,0.563058044726614,-0.7414502858373059,1590.0
91,24.0,-0.899457596847935,0.5629176299470737,-0.7476737510789834,1591.0
92,24.0,-0.9014506867046143,0.5632348258426683,-0.7490730180947098,1592.0
93,24.0,-0.8975528856999265,0.5643563552253121,-0.7437305296214285,1593.0
94,24.0,-0.8901555640229099,0.5630422537587424,-0.7383543516350012,1594.0
95,24.0,-0.8921247406904192,0.5633723183376912,-0.7397316894951655,1595.0
96,24.0,-0.8988740512841091,0.5628780043159909,-0.7466660010919137,1596.0
97,24.0,-0.8854428892743956,0.5630321760020817,-0.7354176696021503,1597.0
98,24.0,-0.89008500253741,0.5617111022041621,-0.7420926572728794,1598.0
99,24.0,-0.886379591885868,0.5627320357713352,-0.7371604256340548,1599.0
100,24.0,-0.8874791160470922,0.5628961860429273,-0.7379396581635875,1600.0
101,24.0,-0.8828636290333829,0.5624521572524905,-0.7336482581492132,1601.0
102,24.0,-0.8836035882024098,0.5626707398506955,-0.733828429097882,1602.0
103,24.0,-0.8886595031617975,0.5634677426065331,-0.7404820318070182,1603.0
104,24.0,-0.8839213311558091,0.5621641830018744,-0.7352690611229411,1604.0
105,24.0,-0.8887895794824399,0.563020703525166,-0.7414485564849144,1605.0
106,24.0,-0.8805219800820571,0.5619765211360429,-0.7314961259778705,1606.0
107,24.0,-0.8803928692121784,0.5635389185403381,-0.7321743897060699,1607.0
108,24.0,-0.8752651149238846,0.5622137827490667,-0.7263408421781131,1608.0
109,24.0,-0.8826506825534911,0.5626883201532076,-0.7349244052392448,1609.0
110,24.0,-0.8713552715719174,0.560596752082239,-0.723749933586318,1610.0
111,24.0,-0.8727064211916519,0.5608357875118564,-0.7246708837251724,1611.0
112,24.0,-0.8836599992332684,0.5623737188178685,-0.7364981988002188,1612.0
113,24.0,-0.8845543804825589,0.5625211049947232,-0.7371066144080946,1613.0
114,24.0,-0.8768234343591025,0.5610371355467734,-0.7316078727890136,1614.0
115,24.0,-0.8840026761837825,0.5627639172394349,-0.738477712171108,1615.0
116,24.0,-0.8790272986272292,0.5614069011164069,-0.7331026240765984,1616.0
117,24.0,-0.8832666959543677,0.5621579088341091,-0.7388572072217376,1617.0
118,24.0,-0.8625180951755553,0.559885761075844,-0.7159250002211113,1618.0
119,24.0,-0.8669318987987975,0.5607264316378701,-0.721852071660369,1619.0
120,24.0,-0.8612620440087337,0.5600666651617382,-0.7165065959585855,1620.0
121,24.0,-0.8688184200259922,0.5598295016187361,-0.7243816676208653,1621.0
122,24.0,-0.8760367078139001,0.5616163264679034,-0.7312640446505656,1622.0
123,24.0,-0.8749984682072282,0.5609667166628884,-0.7316977387710543,1623.0
124,24.0,-0.8626556370404079,0.5606276551450188,-0.7194796555492926,1624.0
125,24.0,-0.8751135985375492,0.5609062617619474,-0.7318722749726498,1625.0
126,24.0,-0.8777389533635263,0.56102045040474,-0.7318757548154092,1626.0
127,24.0,-0.8777389533635263,0.56102045040474,-0.7318757548154092,1627.0
128,24.0,-0.87158249706905,0.5602427040956514,-0.7265766579330902,1628.0
129,24.0,-0.8777389533635263,0.56102045040474,-0.7318757548154092,1629.0
130,24.0,-0.8653008335278878,0.5607830302673552,-0.7194779788781097,1630.0
131,24.0,-0.8653008335278878,0.5607830302673552,-0.7194779788781097,1631.0
132,24.0,-0.8709433124710995,0.560193710121911,-0.7258086929846187,1632.0
133,24.0,-0.8777389533635263,0.56102045040474,-0.7318757548154092,1633.0
134,24.0,-0.8777389533635263,0.56102045040474,-0.7318757548154092,1634.0
135,24.0,-0.8653008335278878,0.5607830302673552,-0.7194779788781097,1635.0
136,24.0,-0.8658227044119894,0.5599673780765251,-0.71932353926295,1636.0
137,24.0,-0.8746901866068064,0.5608364128513784,-0.7315877695240397,1637.0
138,24.0,-0.8773142286163115,0.5609503624669242,-0.7315909101842274,1638.0
139,24.0,-0.8773142286163115,0.5609503624669242,-0.7315909101842274,1639.0
140,24.0,-0.8773142286163115,0.5609503624669242,-0.7315909101842274,1640.0
141,24.0,-0.8773142286163115,0.5609503624669242,-0.7315909101842274,1641.0
142,24.0,-0.8813844894838616,0.561620382725449,-0.7375626945291197,1642.0
143,24.0,-0.8746901866068064,0.5608364128513784,-0.7315877695240397,1643.0
144,24.0,-0.8773142286163115,0.5609503624669242,-0.7315909101842274,1644.0
145,24.0,-0.8773142286163115,0.5609503624669242,-0.7315909101842274,1645.0
146,24.0,-0.8773142286163115,0.5609503624669242,-0.7315909101842274,1646.0
147,24.0,-0.8746901866068064,0.5608364128513784,-0.7315877695240397,1647.0
148,24.0,-0.8773142286163115,0.5609503624669242,-0.7315909101842274,1648.0
149,24.0,-0.8773142286163115,0.5609503624669242,-0.7315909101842274,1649.0
150,24.0,-0.8773142286163115,0.5609503624669242,-0.7315909101842274,1650.0
151,24.0,-0.8710224319791037,0.5593060020844782,-0.725344032330757,1651.0
152,24.0,-0.8773142286163115,0.5609503624669242,-0.7315909101842274,1652.0
153,24.0,-0.8746901866068064,0.5608364128513784,-0.7315877695240397,1653.0
154,24.0,-0.8749184055937479,0.5600579687869027,-0.7308779100451379,1654.0
155,24.0,-0.8777389533635263,0.56102045040474,-0.7318757548154092,1655.0
156,24.0,-0.8777389533635263,0.56102045040474,-0.7318757548154092,1656.0
157,24.0,-0.8818090439219884,0.5616881179846256,-0.7378479113341841,1657.0
158,24.0,-0.8811979817776218,0.561648798072854,-0.7371080383623816,1658.0
159,24.0,-0.8697567259948304,0.5607397807443903,-0.7249035628467155,1659.0
160,24.0,-0.8697567259948304,0.5607397807443903,-0.7249035628467155,1660.0
161,24.0,-0.8753412572091324,0.5601278015535656,-0.7311614071888006,1661.0
162,24.0,-0.8753412572091324,0.5601278015535656,-0.7311614071888006,1662.0
163,24.0,-0.8753412572091324,0.5601278015535656,-0.7311614071888006,1663.0
164,24.0,-0.8697567259948304,0.5607397807443903,-0.7249035628467155,1664.0
165,24.0,-0.8822328934411304,0.5617555587647525,-0.7381324825835693,1665.0
166,24.0,-0.8757633979776084,0.5601973349133319,-0.7314442566081051,1666.0
167,24.0,-0.8768691453063445,0.5602952743805717,-0.7325200035428365,1667.0
168,24.0,-0.8652435805922335,0.5602046982235486,-0.7207024551274231,1668.0
169,24.0,-0.8596930485889955,0.5586147586107554,-0.7149535400572412,1669.0
170,24.0,-0.860524822729183,0.5587633697284102,-0.7155092434684889,1670.0
171,24.0,-0.8713451890790086,0.5613195245894841,-0.7277321152433771,1671.0
172,24.0,-0.8677526311055745,0.5594369881466386,-0.7233103620097002,1672.0
173,24.0,-0.8629813847535126,0.5580250150099161,-0.7180819751730423,1673.0
174,24.0,-0.8685702872343974,0.5590090864997597,-0.7251119941520132,1674.0
175,24.0,-0.8629027667486296,0.5583108899869872,-0.7198148236005446,1675.0
176,24.0,-0.8563501294346769,0.55807759999846,-0.714161843346141,1676.0
177,24.0,-0.8633931732685831,0.557798255812274,-0.7214087670543913,1677.0
178,24.0,-0.8683298253997921,0.5587608770411909,-0.7276363016309988,1678.0
179,24.0,-0.8636947010461121,0.5582620517349711,-0.7233069319632617,1679.0
180,24.0,-0.8585418338198557,0.5567241533564249,-0.7178599407531102,1680.0
181,24.0,-0.8534720541508914,0.5560138225376099,-0.7133305653573213,1681.0
182,24.0,-0.8647124453039496,0.5579094823013372,-0.7249001775260235,1682.0
183,24.0,-0.8546738062917753,0.556264203116207,-0.7137621085639578,1683.0
184,24.0,-0.8558141201361786,0.5564564296033505,-0.7145084054836432,1684.0
185,24.0,-0.8545449251564442,0.5557172224682303,-0.7146274216543038,1685.0
186,24.0,-0.8496166513011615,0.5563021973543365,-0.708754619329928,1686.0
187,24.0,-0.8512207925825205,0.5552882597581185,-0.7115122125200005,1687.0
188,24.0,-0.8512277066418239,0.5553301108063956,-0.7111545071586073,1688.0
189,24.0,-0.8530703636394851,0.5555958997768445,-0.7127168890907198,1689.0
190,24.0,-0.8518690493456423,0.5548645123314336,-0.712894663363762,1690.0
191,24.0,-0.8529624667840927,0.5550423564476438,-0.7136048053912739,1691.0
192,24.0,-0.8470458211458148,0.5542754599484052,-0.7081033811962921,1692.0
193,24.0,-0.8485179325873455,0.5544830314863507,-0.7094238121607213,1693.0
194,24.0,-0.8414732680226814,0.5545586879292123,-0.7018599462175764,1694.0
195,24.0,-0.8466373505278447,0.5535755180287587,-0.7088973596227006,1695.0
196,24.0,-0.842703579487916,0.5526646064186547,-0.7032833153148017,1696.0
197,24.0,-0.8481691261607475,0.5546572103220838,-0.7110090908328295,1697.0
198,24.0,-0.8485239230865389,0.5547140834642846,-0.7112389796237183,1698.0
199,24.0,-0.8487685308965105,0.5539453043382151,-0.7105447250622392,1699.0
200,24.0,-0.8487685308965105,0.5539453043382151,-0.7105447250622392,1700.0
201,24.0,-0.842510865716445,0.5529639421651518,-0.7052870995426155,1701.0
202,24.0,-0.842510865716445,0.5529639421651518,-0.7052870995426155,1702.0
203,24.0,-0.842510865716445,0.5529639421651518,-0.7052870995426155,1703.0
204,24.0,-0.842510865716445,0.5529639421651518,-0.7052870995426155,1704.0
205,24.0,-0.8487685308965105,0.5539453043382151,-0.7105447250622392,1705.0
206,24.0,-0.842510865716445,0.5529639421651518,-0.7052870995426155,1706.0
207,24.0,-0.842510865716445,0.5529639421651518,-0.7052870995426155,1707.0
208,24.0,-0.842510865716445,0.5529639421651518,-0.7052870995426155,1708.0
209,24.0,-0.8495200164011136,0.5540336294819801,-0.7113950635764096,1709.0
210,24.0,-0.8495200164011136,0.5540336294819801,-0.7113950635764096,1710.0
211,24.0,-0.842510865716445,0.5529639421651518,-0.7052870995426155,1711.0
212,24.0,-0.842510865716445,0.5529639421651518,-0.7052870995426155,1712.0
213,24.0,-0.842510865716445,0.5529639421651518,-0.7052870995426155,1713.0
214,24.0,-0.842510865716445,0.5529639421651518,-0.7052870995426155,1714.0
215,24.0,-0.842510865716445,0.5529639421651518,-0.7052870995426155,1715.0
216,24.0,-0.842510865716445,0.5529639421651518,-0.7052870995426155,1716.0
217,24.0,-0.8506122718532355,0.5547847007471935,-0.7107648598219245,1717.0
218,24.0,-0.8506122718532355,0.5547847007471935,-0.7107648598219245,1718.0
219,24.0,-0.8547913745946994,0.5556951911899155,-0.7165216778875784,1719.0
220,24.0,-0.8547913745946994,0.5556951911899155,-0.7165216778875784,1720.0
221,24.0,-0.8506122718532355,0.5547847007471935,-0.7107648598219245,1721.0
222,24.0,-0.8485239230865389,0.5547140834642846,-0.7112389796237183,1722.0
223,24.0,-0.8485239230865389,0.5547140834642846,-0.7112389796237183,1723.0
224,24.0,-0.8485239230865389,0.5547140834642846,-0.7112389796237183,1724.0
225,24.0,-0.8413908022265356,0.5528089304175071,-0.7041953100708236,1725.0
226,24.0,-0.842510865716445,0.5529639421651518,-0.7052870995426155,1726.0
227,24.0,-0.8486063542876279,0.5560184712696888,-0.7098316287123271,1727.0
228,24.0,-0.8464108010413216,0.5551153652650905,-0.7093791608501296,1728.0
229,24.0,-0.8401556184707866,0.5541231094832169,-0.7041182773712468,1729.0
230,24.0,-0.8461695265099739,0.5558881273424537,-0.710075181095097,1730.0
231,24.0,-0.8464928904050533,0.5547579233501674,-0.7116679837749553,1731.0
232,24.0,-0.8433805623969554,0.5558331740731287,-0.7096467069944421,1732.0
233,24.0,-0.8423858682017492,0.5577900161186863,-0.7080221629917798,1733.0
234,24.0,-0.8299870161856767,0.5548868151128907,-0.69668156128108,1734.0
235,24.0,-0.835467920543964,0.5561549152982661,-0.7035692964017218,1735.0
236,24.0,-0.8344159827376466,0.5580906091185618,-0.7018854377119791,1736.0
237,24.0,-0.8275335344595012,0.5564112080623103,-0.6974671178867271,1737.0
238,24.0,-0.8268388029764655,0.5571411983607116,-0.6975027262583839,1738.0
239,24.0,-0.8315344644832654,0.5583174470800004,-0.7035073968160359,1739.0
240,24.0,-0.8121496342764715,0.5540395341811897,-0.6861274026275815,1740.0
241,24.0,-0.8228683167483379,0.5583817192064011,-0.6966589962802544,1741.0
242,24.0,-0.8169046025547876,0.5573777618063441,-0.6914942968565241,1742.0
243,24.0,-0.8151515457530215,0.5573627284449442,-0.6922141862583351,1743.0
244,24.0,-0.8077883289935172,0.5572282464886958,-0.6843293528874508,1744.0
245,24.0,-0.8086205889291121,0.5573297058002297,-0.6852370037634282,1745.0
246,24.0,-0.8075366943866058,0.5579853955509201,-0.6850134844591154,1746.0
247,24.0,-0.8061613961114195,0.558135465220515,-0.685897433650271,1747.0
248,24.0,-0.8061236599885154,0.5581837472441268,-0.6857808902151588,1748.0
249,24.0,-0.7922625720333304,0.5566666645399007,-0.6724335612452234,1749.0
250,24.0,-0.8047848814229779,0.558348472278829,-0.6866853775598137,1750.0
251,24.0,-0.7954136425467634,0.5580109604087585,-0.6793642602697976,1751.0
252,24.0,-0.7954620619494541,0.5589835816086872,-0.6801389866203614,1752.0
253,24.0,-0.8001906549860153,0.5612141871095876,-0.6870161168218997,1753.0
254,24.0,-0.793397204513673,0.5599813392083601,-0.6809703355960692,1754.0
255,24.0,-0.7988843480812633,0.5614570721454777,-0.6878369948642439,1755.0
256,24.0,-0.7974066321282596,0.5632188011208643,-0.6858097016019897,1756.0
257,24.0,-0.78403647470186,0.5605848655132838,-0.6742926190423288,1757.0
258,24.0,-0.7899263312906654,0.5622391420725372,-0.6814313445992191,1758.0
259,24.0,-0.7758609247345535,0.5603755132593998,-0.667996743076351,1759.0
260,24.0,-0.7698223130263294,0.55915034950271,-0.6627775535158285,1760.0
261,24.0,-0.7868885502440541,0.5640766011960832,-0.680143481343285,1761.0
262,24.0,-0.7727505607363513,0.5621955997684068,-0.6666217141607454,1762.0
263,24.0,-0.7790415323758456,0.5645428363113966,-0.6726489769006362,1763.0
264,24.0,-0.7735153494071519,0.5613734449450615,-0.6685495380449437,1764.0
265,24.0,-0.7653752315127605,0.5610831777309381,-0.6623364479695143,1765.0
266,24.0,-0.757940907370212,0.5593368270464556,-0.6559899773747586,1766.0
267,24.0,-0.7642120928979964,0.5617724006382879,-0.661976686863922,1767.0
268,24.0,-0.7620745952755492,0.5637535637208465,-0.661589312532244,1768.0
269,24.0,-0.7551121546621471,0.5622313322518349,-0.6554100709060713,1769.0
270,24.0,-0.753921239837936,0.5623998048780461,-0.6564621758264699,1770.0
271,24.0,-0.7529948212445895,0.5631837379247729,-0.6562373841287882,1771.0
272,24.0,-0.7578127313752258,0.5656824780137704,-0.6632069291800258,1772.0
273,24.0,-0.7506985212219335,0.5640682415050732,-0.6569753671297258,1773.0
274,24.0,-0.7365698866123994,0.562669929656965,-0.6441379313830478,1774.0
275,24.0,-0.7355774316192527,0.5628965722625769,-0.6453436360274012,1775.0
276,24.0,-0.7343941160395789,0.5645632809985597,-0.6457724038715479,1776.0
277,24.0,-0.7271973286117492,0.5638290977677876,-0.6380905665734387,1777.0
278,24.0,-0.7273834470009899,0.5634112472248524,-0.6416776705771199,1778.0
279,24.0,-0.7180686558285401,0.5629588635857347,-0.6327772482162701,1779.0
280,24.0,-0.7234364728315245,0.5658784716520678,-0.6401077743336793,1780.0
281,24.0,-0.7162702118633392,0.5640058362309182,-0.6338517904396029,1781.0
282,24.0,-0.7204190305615962,0.5686110865321591,-0.639462565715569,1782.0
283,24.0,-0.7207496140010086,0.5682830381868078,-0.6431389125256346,1783.0
284,24.0,-0.7124187007325156,0.5680694600764159,-0.6352119752336098,1784.0
285,24.0,-0.7120967152025681,0.5695055403432344,-0.6343105248696388,1785.0
286,24.0,-0.7053930342944565,0.5671921965079515,-0.6298057990726971,1786.0
287,24.0,-0.6963430400569575,0.5671033318177605,-0.6233317447335178,1787.0
288,24.0,-0.6973828985457283,0.5675670556921639,-0.6263920720344804,1788.0
289,24.0,-0.681733998000222,0.564914197061181,-0.6121493193677833,1789.0
290,24.0,-0.6819527942887254,0.5651400349094243,-0.6144002052339386,1790.0
291,24.0,-0.6730867067574742,0.5649422833224305,-0.6079864122710148,1791.0
292,24.0,-0.6668925525935657,0.5630979591307388,-0.6026279009794386,1792.0
293,24.0,-0.680123099243155,0.5684359653089283,-0.6168042321115884,1793.0
294,24.0,-0.6715020818661135,0.567756996993486,-0.6085979562441916,1794.0
295,24.0,-0.663274293678854,0.5661543776274435,-0.6021842542411966,1795.0
296,24.0,-0.6626606514103047,0.5677030675986229,-0.6042958589158909,1796.0
297,24.0,-0.6540860835160569,0.5657320038290151,-0.595428251463192,1797.0
298,24.0,-0.6604416785151538,0.5691164291717871,-0.603647106274915,1798.0
299,24.0,-0.6602351327908206,0.5702277346027063,-0.6040891400190893,1799.0
300,24.0,-0.6530085789190145,0.5689324776152973,-0.5986293896077894,1800.0
301,24.0,-0.6468849250827049,0.5669439349191576,-0.5933834340168483,1801.0
302,24.0,-0.6454909677510373,0.568132727339943,-0.5948484878553651,1802.0
303,24.0,-0.6454562001860228,0.5681669499539959,-0.5947473586170291,1803.0
304,24.0,-0.6383249644614173,0.5668038436826687,-0.589370170748852,1804.0
305,24.0,-0.6441510501945802,0.56993381008695,-0.5949756392384039,1805.0
306,24.0,-0.6457250617106808,0.569662533356098,-0.5978338847044691,1806.0
307,24.0,-0.6489300429257224,0.5736717447619979,-0.6005134680212278,1807.0
308,24.0,-0.6428511047296902,0.5716828152515896,-0.5952833030565146,1808.0
309,24.0,-0.6355557334368166,0.5692162606946852,-0.5888985834770193,1809.0
310,24.0,-0.6295085806226444,0.5671465810697824,-0.5837119766379233,1810.0
311,24.0,-0.6361004495439891,0.5697239378647696,-0.5914828552727,1811.0
312,24.0,-0.6357309287734884,0.5713512647035632,-0.593886380702296,1812.0
313,24.0,-0.6355243799532536,0.5724157973839615,-0.5944582942226486,1813.0
314,24.0,-0.6287110605575429,0.570040050091316,-0.5885203843475425,1814.0
315,24.0,-0.6214191688334704,0.5679296697934367,-0.5810047119007372,1815.0
316,24.0,-0.6270873218124886,0.5717292188503923,-0.58851046235757,1816.0
317,24.0,-0.6183711040951384,0.570439023762418,-0.5802264176544307,1817.0
318,24.0,-0.6260299739123594,0.5724432479654415,-0.5882726381373344,1818.0
319,24.0,-0.6133578748179893,0.5678558970873734,-0.5773705262954041,1819.0
320,24.0,-0.6186719877584838,0.5709814803552259,-0.582578567685605,1820.0
321,24.0,-0.6107913910309773,0.5699709652474362,-0.5750737978244922,1821.0
322,24.0,-0.6099208717024965,0.5695840149617083,-0.5742556687875178,1822.0
323,24.0,-0.6184797894627354,0.5720653122079206,-0.5831543460532757,1823.0
324,24.0,-0.6025814058657039,0.567942259967269,-0.5686402480238711,1824.0
325,24.0,-0.6111741272431372,0.5705219953420966,-0.5775698951025691,1825.0
326,24.0,-0.6103213568885961,0.570143776064797,-0.5767685438933942,1826.0
327,24.0,-0.6044268162596371,0.5679788218794927,-0.5716973099221464,1827.0
328,24.0,-0.6101349009423663,0.5712347595832106,-0.5773449037668261,1828.0
329,24.0,-0.6168211094153135,0.5744408220170824,-0.5849704598626411,1829.0
330,24.0,-0.6028131412908637,0.5696639498360847,-0.571674306477272,1830.0
331,24.0,-0.6025604487926968,0.5707607522048337,-0.5721207877146596,1831.0
332,24.0,-0.6014558129353534,0.5702595427152315,-0.5712075681446848,1832.0
333,24.0,-0.6012045524514622,0.5713591509353695,-0.571655251236595,1833.0
334,24.0,-0.5944901824793619,0.5687486015018909,-0.5658078193180339,1834.0
335,24.0,-0.5876654816736303,0.5671694138140441,-0.5606660220057879,1835.0
336,24.0,-0.5862465349690391,0.567748823236591,-0.5600730729450909,1836.0
337,24.0,-0.5945674952402904,0.5716249406812045,-0.5694404893506398,1837.0
338,24.0,-0.5866605780787802,0.5695833591136674,-0.5633321903122216,1838.0
339,24.0,-0.5847229047413733,0.5704533185344856,-0.5611085493676817,1839.0
340,24.0,-0.5849769011797977,0.5712763389155819,-0.5631732229490624,1840.0
341,24.0,-0.5935037062288662,0.5740408608918164,-0.5720741592447663,1841.0
342,24.0,-0.5848049071804939,0.5723999979801649,-0.5637454042406203,1842.0
343,24.0,-0.5772988328663504,0.5698429682637975,-0.5560543200229281,1843.0
344,24.0,-0.5837354814276926,0.572923012658437,-0.5638199992439317,1844.0
345,24.0,-0.563691071878137,0.5652241609358931,-0.5450962329280655,1845.0
346,24.0,-0.5641591003271899,0.5661688271546783,-0.5473263198400358,1846.0
347,24.0,-0.5653779233495291,0.5654015656299837,-0.5480142704681465,1847.0
348,24.0,-0.5713234684857295,0.5697942380486721,-0.5556777615300181,1848.0
349,24.0,-0.5768517102441433,0.5732243157471383,-0.5611762416700431,1849.0
350,24.0,-0.5692374480678131,0.570579483299321,-0.5533379880030017,1850.0
351,24.0,-0.5628951465478023,0.5678137494140961,-0.5479423429956329,1851.0
352,24.0,-0.5635134189241795,0.5682112225492437,-0.5483877770899358,1852.0
353,24.0,-0.5635134189241795,0.5682112225492437,-0.5483877770899358,1853.0
354,24.0,-0.569073495566549,0.571722446094155,-0.5539079229605358,1854.0
355,24.0,-0.569073495566549,0.571722446094155,-0.5539079229605358,1855.0
356,24.0,-0.5691991370118846,0.5706053948144261,-0.5532380796326903,1856.0
357,24.0,-0.575704396768431,0.5733661185983433,-0.5588466816530727,1857.0
358,24.0,-0.5691991370118846,0.5706053948144261,-0.5532380796326903,1858.0
359,24.0,-0.5691991370118846,0.5706053948144261,-0.5532380796326903,1859.0
360,24.0,-0.5691991370118846,0.5706053948144261,-0.5532380796326903,1860.0
361,24.0,-0.575704396768431,0.5733661185983433,-0.5588466816530727,1861.0
362,24.0,-0.5691991370118846,0.5706053948144261,-0.5532380796326903,1862.0
363,24.0,-0.5691991370118846,0.5706053948144261,-0.5532380796326903,1863.0
364,24.0,-0.5691991370118846,0.5706053948144261,-0.5532380796326903,1864.0
365,24.0,-0.5699834903108849,0.5710037997310545,-0.5539583563202775,1865.0
366,24.0,-0.5691991370118846,0.5706053948144261,-0.5532380796326903,1866.0
367,24.0,-0.5691991370118846,0.5706053948144261,-0.5532380796326903,1867.0
368,24.0,-0.5635134189241795,0.5682112225492437,-0.5483877770899358,1868.0
369,24.0,-0.5635134189241795,0.5682112225492437,-0.5483877770899358,1869.0
370,24.0,-0.5691991370118846,0.5706053948144261,-0.5532380796326903,1870.0
371,24.0,-0.5691991370118846,0.5706053948144261,-0.5532380796326903,1871.0
372,24.0,-0.5635134189241795,0.5682112225492437,-0.5483877770899358,1872.0
373,24.0,-0.5635134189241795,0.5682112225492437,-0.5483877770899358,1873.0
374,24.0,-0.5691991370118846,0.5706053948144261,-0.5532380796326903,1874.0
375,24.0,-0.5635134189241795,0.5682112225492437,-0.5483877770899358,1875.0
376,24.0,-0.5635134189241795,0.5682112225492437,-0.5483877770899358,1876.0
377,24.0,-0.5635134189241795,0.5682112225492437,-0.5483877770899358,1877.0
378,24.0,-0.5635134189241795,0.5682112225492437,-0.5483877770899358,1878.0
379,24.0,-0.5691991370118846,0.5706053948144261,-0.5532380796326903,1879.0
380,24.0,-0.5691991370118846,0.5706053948144261,-0.5532380796326903,1880.0
381,24.0,-0.5691991370118846,0.5706053948144261,-0.5532380796326903,1881.0
382,24.0,-0.5691991370118846,0.5706053948144261,-0.5532380796326903,1882.0
383,24.0,-0.5691991370118846,0.5706053948144261,-0.5532380796326903,1883.0
384,24.0,-0.5635134189241795,0.5682112225492437,-0.5483877770899358,1884.0
385,24.0,-0.575704396768431,0.5733661185983433,-0.5588466816530727,1885.0
386,24.0,-0.5691991370118846,0.5706053948144261,-0.5532380796326903,1886.0
387,24.0,-0.5635134189241795,0.5682112225492437,-0.5483877770899358,1887.0
388,24.0,-0.5635134189241795,0.5682112225492437,-0.5483877770899358,1888.0
389,24.0,-0.5691991370118846,0.5706053948144261,-0.5532380796326903,1889.0
390,24.0,-0.5691991370118846,0.5706053948144261,-0.5532380796326903,1890.0
391,24.0,-0.5635134189241795,0.5682112225492437,-0.5483877770899358,1891.0
392,24.0,-0.5635134189241795,0.5682112225492437,-0.5483877770899358,1892.0
393,24.0,-0.5691991370118846,0.5706053948144261,-0.5532380796326903,1893.0
394,24.0,-0.5691991370118846,0.5706053948144261,-0.5532380796326903,1894.0
395,24.0,-0.5691991370118846,0.5706053948144261,-0.5532380796326903,1895.0
396,24.0,-0.5691991370118846,0.5706053948144261,-0.5532380796326903,1896.0
397,24.0,-0.5691991370118846,0.5706053948144261,-0.5532380796326903,1897.0
398,24.0,-0.5691991370118846,0.5706053948144261,-0.5532380796326903,1898.0
399,24.0,-0.5691991370118846,0.5706053948144261,-0.5532380796326903,1899.0
400,24.0,-0.5691991370118846,0.5706053948144261,-0.5532380796326903,1900.0
401,24.0,-0.5691991370118846,0.5706053948144261,-0.5532380796326903,1901.0
402,24.0,-0.5693239159859367,0.5706367317365729,-0.5534094036985518,1902.0
403,24.0,-0.5572097074718625,0.5654163606471083,-0.5430336049854748,1903.0
404,24.0,-0.5558966937493712,0.5653980577073653,-0.5406121444371258,1904.0
405,24.0,-0.5617369719673325,0.5678987737771909,-0.5456548128012743,1905.0
406,24.0,-0.561946208619412,0.5699277735321844,-0.5483698022900967,1906.0
407,24.0,-0.5489188882937479,0.5635216736129316,-0.53528404872541,1907.0
408,24.0,-0.5550014951896673,0.568129994464379,-0.5430527530346452,1908.0
409,24.0,-0.552922606886059,0.5688682528249982,-0.540768170873335,1909.0
410,24.0,-0.5535926221436898,0.5697799703399961,-0.5434993847368461,1910.0
411,24.0,-0.5473255698188145,0.5669661740559773,-0.5381028328149053,1911.0
412,24.0,-0.5403713591760944,0.5650253261839748,-0.5327795756026131,1912.0
413,24.0,-0.561569369095848,0.5744996543524888,-0.5548243921709605,1913.0
414,24.0,-0.5400009272691914,0.5659839438665574,-0.5335283013116221,1914.0
415,24.0,-0.5452821091370164,0.5696186310885979,-0.538674349438668,1915.0
416,24.0,-0.5343481695718645,0.5653000986544958,-0.5312213335092363,1916.0
417,24.0,-0.5333047946404808,0.5671072304763348,-0.5320486638580791,1917.0
418,24.0,-0.5310445471374627,0.56773097757503,-0.5296153180373828,1918.0
419,24.0,-0.5327891641789021,0.5681696660002209,-0.5322459421386022,1919.0
420,24.0,-0.5358215580682633,0.5724788706425635,-0.5350482073819869,1920.0
421,24.0,-0.5291880294225494,0.5693768679655601,-0.5292790967640959,1921.0
422,24.0,-0.5280246979943568,0.570022023128429,-0.528958382783594,1922.0
423,24.0,-0.5222592058663209,0.5685127228040388,-0.5250295272616659,1923.0
424,24.0,-0.5179647763535182,0.5660066214327658,-0.5224514685565462,1924.0
425,24.0,-0.5140988135544244,0.563600847515168,-0.5207695546716091,1925.0
426,24.0,-0.5137693719115504,0.5647168026696422,-0.5211015757113172,1926.0
427,24.0,-0.506139208738751,0.5614146849619394,-0.513341475263157,1927.0
428,24.0,-0.5063656391339316,0.5622609069448371,-0.5153546177582116,1928.0
429,24.0,-0.5089503392833538,0.5664528798298359,-0.5177545112650909,1929.0
430,24.0,-0.5124152959405027,0.5699547830540314,-0.5201973876009592,1930.0
431,24.0,-0.5055087704995002,0.5656011940111819,-0.5170663327362814,1931.0
432,24.0,-0.49928632807210493,0.5624605176145807,-0.5116627055718803,1932.0
433,24.0,-0.5025039673116949,0.5658579830824183,-0.5138907776943751,1933.0
434,24.0,-0.5014185781040472,0.5665249558632324,-0.5136223479254469,1934.0
435,24.0,-0.4901782786341242,0.5619848415566914,-0.505063737817893,1935.0
436,24.0,-0.4947509204886618,0.565656702856082,-0.5096068204967699,1936.0
437,24.0,-0.4913130007622381,0.5655283191995121,-0.5061589456548495,1937.0
438,24.0,-0.48810650876338,0.5634906796605597,-0.5044980718112041,1938.0
439,24.0,-0.4787807168155901,0.5580830197857911,-0.49803912821705926,1939.0
440,24.0,-0.4808701189625835,0.5621532246665102,-0.5000573855571298,1940.0
441,24.0,-0.48355934189470184,0.566672898764729,-0.5024772257844682,1941.0
442,24.0,-0.4743969772243396,0.5612654425369891,-0.4962156137617717,1942.0
443,24.0,-0.47885153268770037,0.5649924620513254,-0.5006546640710734,1943.0
444,24.0,-0.46776503279129306,0.5589336257467108,-0.4910511540154072,1944.0
445,24.0,-0.4675853008442208,0.5614440101027395,-0.49279176722262324,1945.0
446,24.0,-0.46722413112940414,0.5612973951869176,-0.49242568075100157,1946.0
447,24.0,-0.4709982482338099,0.5659902322319098,-0.497505094257039,1947.0
448,24.0,-0.4638569253127409,0.5625935389467364,-0.4901235142220943,1948.0
449,24.0,-0.4605163642422671,0.5602668559668903,-0.48832719278449727,1949.0
450,24.0,-0.46509366901144966,0.5641600340674783,-0.49291744561165196,1950.0
451,24.0,-0.45830335338887573,0.5629187521125297,-0.48888091877115797,1951.0
452,24.0,-0.45793982371641073,0.5627656385795445,-0.4885096794808106,1952.0
453,24.0,-0.4528226259876043,0.5625544958118878,-0.4859935037310552,1953.0
454,24.0,-0.4496871913994718,0.5604371695684669,-0.48490578434473913,1954.0
455,24.0,-0.45151885706307743,0.5632651805480913,-0.48601107707135854,1955.0
456,24.0,-0.4388427460671575,0.5555537324814157,-0.47667359882094695,1956.0
457,24.0,-0.4401891089953731,0.5594193656554982,-0.477973204536491,1957.0
458,24.0,-0.4419594062222541,0.5614915352483408,-0.48182770231113115,1958.0
459,24.0,-0.4336658903335038,0.5582332332416194,-0.4741755473956027,1959.0
460,24.0,-0.4333071198815768,0.558070396242667,-0.4738039350997874,1960.0
461,24.0,-0.43535980939505087,0.5627021486227572,-0.47627750270742636,1961.0
462,24.0,-0.4245558209297845,0.5559672615571404,-0.4669450294533174,1962.0
463,24.0,-0.42660129319767054,0.5584005925034008,-0.470979248818052,1963.0
464,24.0,-0.42343514856272374,0.5582411089559592,-0.4677284726426346,1964.0
465,24.0,-0.41586477038221487,0.5545783131772899,-0.46345065208350705,1965.0
466,24.0,-0.41539599642021746,0.5559062568417773,-0.4642587683808741,1966.0
467,24.0,1.016168523949087,0.9886388639983591,0.028367501583603034,1967.0
468,24.0,-0.4064989442116699,0.5535656249193425,-0.45727714498013666,1968.0
469,24.0,-0.40584942109341887,0.5545299397754969,-0.45724639300294684,1969.0
470,24.0,-0.4053840809752746,0.555906706053358,-0.4580695350133244,1970.0
471,24.0,-0.4072121322890316,0.5566458360853976,-0.4607188316291593,1971.0
472,24.0,-0.4019861846342296,0.5561251117817854,-0.4581382262780199,1972.0
473,24.0,-0.4007382844787622,0.5576649767281785,-0.45537822566527125,1973.0
474,24.0,-0.39558833567360885,0.5541765771948602,-0.4508693740253848,1974.0
475,24.0,-0.39523471093939166,0.5539938368200429,-0.4504939539063506,1975.0
476,24.0,-0.39768776536543393,0.5568875498461353,-0.4550167002592319,1976.0
477,24.0,-0.39259134840633864,0.5550698550847942,-0.4519280470901776,1977.0
478,24.0,-0.3922370509996302,0.5548862559958088,-0.45154961372753843,1978.0
479,24.0,-0.39187977189267414,0.5560060264774147,-0.45184735847516033,1979.0
480,24.0,-0.39308725219387775,0.5586800560737317,-0.4523618418284596,1980.0
481,24.0,-0.38860800967641873,0.5543184279215043,-0.4477865921804918,1981.0
482,24.0,1.1932817646255258,0.9516553053027187,0.1360562466232766,1982.0
483,24.0,-0.39067034629650427,0.558818828759374,-0.45315400434703623,1983.0
484,24.0,-0.3784368408739782,0.5524798588528673,-0.44278231265742674,1984.0
485,24.0,-0.37783632285983504,0.5534296213459938,-0.4428191397962471,1985.0
486,24.0,-0.3748604156234719,0.5518136003032543,-0.4390813179272212,1986.0
487,24.0,-0.3772283541356816,0.5530084167711263,-0.4422237762532191,1987.0
488,24.0,1.2594731673560302,0.927427533638292,0.15719996636786912,1988.0
489,24.0,1.262617929115182,0.921304869482393,0.14144719151104498,1989.0
490,24.0,1.2771485589371583,0.9249150725750522,0.1677429237973667,1990.0
491,24.0,-0.3677405857661135,0.5498514081877524,-0.43649549739855736,1991.0
492,24.0,1.2927251485581996,0.9132743342561437,0.17809359502411587,1992.0
493,24.0,1.2943397539966401,0.9170687277011829,0.17095055151394503,1993.0
494,24.0,-0.36251065437416863,0.5495574587998855,-0.4346816719172815,1994.0
495,24.0,1.3230804467919404,0.9123649439203338,0.1885198604939974,1995.0
496,24.0,1.326265638553697,0.9023183762116763,0.18946576282903027,1996.0
497,24.0,1.339487603324859,0.899578028913299,0.1851030176304592,1997.0
498,24.0,1.3412406069265757,0.8997339836023517,0.21091658873084387,1998.0
499,24.0,-0.3580214453986061,0.5501956425493665,-0.4312911530396067,1999.0
500,24.0,1.3579564528850128,0.8915452151173626,0.21430405566694813,2000.0
501,24.0,1.3707608210006346,0.8934915073665022,0.2145675104286904,2001.0
502,24.0,-0.34606713475417183,0.544690210396111,-0.42175484226218607,2002.0
503,24.0,1.372325928200183,0.8883203823880118,0.19587721816575293,2003.0
504,24.0,1.3848239166255016,0.8860056626709708,0.229241058748107,2004.0
505,24.0,1.378447808596069,0.8826238606274756,0.1927316638667258,2005.0
506,24.0,1.392206537181618,0.8794224314526464,0.21179325480525707,2006.0
507,24.0,1.4082666161642157,0.8759048653693366,0.2198026757084689,2007.0
508,24.0,1.4084047955766843,0.866178952936779,0.20887192790017511,2008.0
509,24.0,1.4245399897137803,0.8674338800483201,0.22269736710039487,2009.0
510,24.0,1.4375240397585012,0.8593075234684888,0.23593470315683263,2010.0
511,24.0,1.4502728914157765,0.8610793559962896,0.23650828534917195,2011.0
512,24.0,1.4525757143245965,0.850994111837793,0.23685761261402,2012.0
513,24.0,1.4678741325879308,0.8475000093969492,0.24388783297156127,2013.0
514,24.0,1.4702271344233773,0.842922871736587,0.22669661520604323,2014.0
515,24.0,1.4828718720564962,0.839118098709895,0.24518977242815956,2015.0
516,24.0,1.4946468010748326,0.8309724321215644,0.2573620033720847,2016.0
517,24.0,1.498162282898904,0.8352824816989949,0.2525779707441185,2017.0
518,24.0,1.508916715892188,0.8225859174512917,0.2574700262343373,2018.0
519,24.0,1.5089934154959053,0.8221629912279248,0.2572930041369695,2019.0
520,24.0,1.5216759778136628,0.8224640069626163,0.28144302614382605,2020.0
521,24.0,1.52464106583809,0.8227195142646927,0.27089248435903795,2021.0
522,24.0,1.514020962777936,0.8170006324564093,0.2516851781536454,2022.0
523,24.0,1.5286523512845196,0.8135752053994291,0.25828431768999804,2023.0
524,24.0,1.5295728657454508,0.8174963877669394,0.26518673973892926,2024.0
525,24.0,1.5256560237631898,0.8123826258673466,0.2686084336440316,2025.0
526,24.0,1.5396389358238505,0.8047044809291151,0.26928485482707165,2026.0
527,24.0,1.5531728673061997,0.8101729776245904,0.2769939420391735,2027.0
528,24.0,1.5399675375292803,0.8036917351728003,0.26948077163827194,2028.0
529,24.0,1.542997147161609,0.8042071849355282,0.258359175615352,2029.0
530,24.0,1.5672439129195626,0.8013673361141002,0.27774595048866535,2030.0
531,24.0,1.5689598165092826,0.7953372233988947,0.2822334423703243,2031.0
532,24.0,1.5753370744455577,0.7961173682487246,0.26071035964904954,2032.0
533,24.0,1.5896504905326174,0.7919501611955715,0.2667471911783131,2033.0
534,24.0,1.6032115766052644,0.7842417852781672,0.26719292421326263,2034.0
535,24.0,1.6111452512736095,0.7690155937547886,0.2915562048769962,2035.0
536,24.0,1.6145037852648034,0.7698822281581134,0.2808940493775992,2036.0
537,24.0,1.6145461804620684,0.7694534152917796,0.28070061687731584,2037.0
538,24.0,1.6236911965689496,0.7694809231560854,0.29249529615448727,2038.0
539,24.0,1.6284923439284327,0.764624536447804,0.28645331083601777,2039.0
540,24.0,1.6243114584497407,0.7595334828464968,0.2904162640914463,2040.0
541,24.0,1.6313755234015412,0.761354066871908,0.27018214554756453,2041.0
542,24.0,1.6414047888036678,0.755782401563646,0.28506738554266237,2042.0
543,24.0,1.6428311302207803,0.7497975590820106,0.2894626020150114,2043.0
544,24.0,1.645347105769883,0.7558768496746452,0.2757992053485458,2044.0
545,24.0,1.6575781742574334,0.7389355883626787,0.29822837030713983,2045.0
546,24.0,1.6689423531708762,0.7363925992926111,0.2929357369772048,2046.0
547,24.0,1.6750267753258663,0.7345319458250044,0.2939808821408394,2047.0
548,24.0,1.6838927584909462,0.7248918504927429,0.3035130881635955,2048.0
549,24.0,1.6874617810164352,0.7257271554986325,0.292129250022582,2049.0
550,24.0,1.6958456793972259,0.7161431225765201,0.3001558847382728,2050.0
551,24.0,1.7057686591960601,0.7156874847293925,0.2912394816966757,2051.0
552,24.0,1.7148621224060918,0.7001920742967906,0.3024348069609618,2052.0
553,24.0,1.7277056307242955,0.6952635669620875,0.3069601637268199,2053.0
554,24.0,1.7183035560389863,0.6971296125049318,0.2866853904439404,2054.0
555,24.0,1.7320372465528855,0.686015356211139,0.2945457220591402,2055.0
556,24.0,1.7489105975201913,0.6912513117937514,0.2928704858296974,2056.0
557,24.0,1.7490337219189949,0.6818118948365625,0.2896590221593341,2057.0
558,24.0,1.7580133086792047,0.6691664615117485,0.30551039755205156,2058.0
559,24.0,1.7704913576317987,0.6637015255076846,0.30972722117156365,2059.0
560,24.0,1.7695494246976506,0.6606070954234253,0.3027776392115769,2060.0
561,24.0,1.7748434520155685,0.6640876303825641,0.3000184035221817,2061.0
562,24.0,1.7823737989136486,0.6484042460231279,0.3084794884739648,2062.0
563,24.0,1.784512457913308,0.6512801202830544,0.2817200632355264,2063.0
564,24.0,1.7996322638700075,0.6381786774918012,0.3059520112988849,2064.0
565,24.0,1.8042654133148648,0.6392722478761611,0.2976539104429914,2065.0
566,24.0,1.8107997642949925,0.6297777856396979,0.30347571499688913,2066.0
567,24.0,1.823686752203214,0.6265852469173421,0.3139351728282173,2067.0
568,24.0,1.828736706249086,0.6218748046442275,0.3073629265237904,2068.0
569,24.0,1.8288040171076712,0.6215719993548539,0.3075528258231075,2069.0
570,24.0,1.829221319862814,0.6148799534324866,0.309062158494011,2070.0
571,24.0,1.829206698937503,0.6144369574102575,0.30885739694009434,2071.0
572,24.0,1.8399966397425096,0.6072194594803877,0.3055586231812706,2072.0
573,24.0,1.841360791197991,0.6024436888595932,0.3146085544282355,2073.0
574,24.0,1.8526961819925278,0.6030243749246859,0.31645011941454076,2074.0
575,24.0,1.8576886443012086,0.5991122088651597,0.3091033559801413,2075.0
576,24.0,1.8644697791039602,0.5911553942761435,0.3209544063138835,2076.0
577,24.0,1.8621096945087479,0.5917765204552772,0.29684805444524254,2077.0
578,24.0,1.8687332586573806,0.5838583401391644,0.308396421741565,2078.0
579,24.0,1.8689947770995246,0.5775276430138336,0.3090216752716703,2079.0
580,24.0,1.880326804780134,0.5716826647368976,0.3125831096715629,2080.0
581,24.0,1.8855644824128894,0.5669112771032649,0.3061303789203966,2081.0
582,24.0,1.890811751645478,0.5629201355415107,0.29910939154919614,2082.0
583,24.0,1.9019581569809063,0.5566244531306973,0.3023078625519845,2083.0
584,24.0,1.913026975289622,0.5511500252300295,0.3051773682386773,2084.0
585,24.0,1.9190961974794898,0.5489277191465414,0.3045257801748375,2085.0
586,24.0,1.9241548031388178,0.5384388352400717,0.30926607350498525,2086.0
587,24.0,1.9236266846214174,0.5417423300149089,0.29218049929173506,2087.0
588,24.0,1.9345323436445023,0.5362699617552352,0.29493789770717954,2088.0
589,24.0,1.9347104855970916,0.5299233749128321,0.29554087598515505,2089.0
590,24.0,1.9463221019508223,0.5255373535823806,0.30458430316662854,2090.0
591,24.0,1.9570397732918374,0.5199474926392413,0.3071314533371859,2091.0
592,24.0,1.9562980845930995,0.5116785781086566,0.30173380888808793,2092.0
593,24.0,1.9561993100821768,0.5144183056741612,0.28544716112047064,2093.0
594,24.0,1.9723405669536034,0.4892555713207649,0.29908223822725033,2094.0
595,24.0,1.9784321614941829,0.49250371892095907,0.2980532015591418,2095.0
596,24.0,1.983606923961909,0.49423432325810973,0.29081206882679594,2096.0
597,24.0,1.988091295633448,0.4784394806595847,0.2945431504065461,2097.0
598,24.0,1.9993677379317625,0.4842119021191919,0.28649363354843577,2098.0
599,24.0,2.004438104437437,0.46914699940908833,0.2961627308007668,2099.0
600,24.0,2.0097685993731154,0.46507658872419055,0.28939058080351254,2100.0
601,24.0,2.0150729834546794,0.46665295681813057,0.2824941297877424,2101.0
602,24.0,2.026002519304541,0.45571633747792717,0.29085650597399887,2102.0
603,24.0,2.0360822620957393,0.4441311878653098,0.29297244158604396,2103.0
604,24.0,2.035303800664266,0.43600228105743033,0.28698412900514947,2104.0
605,24.0,2.041411127122007,0.4390210118476054,0.2858879400477136,2105.0
606,24.0,2.0520245301194784,0.42774437297668133,0.29382452486117716,2106.0
607,24.0,2.052456155009963,0.4312137357736373,0.27325053587869896,2107.0
608,24.0,2.0567840359169813,0.4161275609362825,0.28155218718561253,2108.0
609,24.0,2.0629358977770393,0.4127176747664127,0.2809766311943298,2109.0
610,24.0,2.0684185625976093,0.40894865977297445,0.27428251825483874,2110.0
611,24.0,2.0842256472335365,0.4069509869068194,0.2751919499203198,2111.0
612,24.0,2.0897728455851836,0.4034322039890771,0.26881348762650736,2112.0
613,24.0,2.0938302833118683,0.38795290197422644,0.2765112246433229,2113.0
614,24.0,2.0987136379471556,0.3839533465473118,0.2639957986731414,2114.0
615,24.0,2.1103792383750304,0.38361473915348704,0.25747180130363406,2115.0
616,24.0,2.114311057834449,0.36235603239001307,0.26419906957378786,2116.0
617,24.0,2.11418156805252,0.3672761359884309,0.26430350754801957,2117.0
618,24.0,2.124057213537801,0.3555693745974588,0.2708931918815938,2118.0
619,24.0,2.135288744437081,0.3561736741468232,0.2583556178792071,2119.0
620,24.0,2.135228810127043,0.3489767457204731,0.25786348083716526,2120.0
621,24.0,2.1408956053439536,0.3458601339844329,0.2515690648651446,2121.0
622,24.0,2.1409286068911233,0.3391695391410007,0.2506645968983119,2122.0
623,24.0,2.153344971394525,0.33949512760297357,0.24953173320600935,2123.0
624,24.0,2.156101583982809,0.3299048846850686,0.25086014061658374,2124.0
625,24.0,2.1686310196913836,0.3244001353740125,0.24904862437406153,2125.0
626,24.0,2.168039140451212,0.3173713112339052,0.24280256090404437,2126.0
627,24.0,2.179935562400525,0.3177452515688738,0.23626846912120786,2127.0
628,24.0,2.1861079970241377,0.3203530891408967,0.23580975056381767,2128.0
629,24.0,2.1888148371907996,0.299138039873727,0.23529336219155064,2129.0
630,24.0,2.198092876386223,0.2873641565707674,0.2406243511987233,2130.0
631,24.0,2.1975023612556606,0.28665114021226,0.23537093726891248,2131.0
632,24.0,2.203213039922396,0.2841461101718477,0.22916461942154134,2132.0
633,24.0,2.209384688424523,0.2807481680551079,0.22806398091594635,2133.0
634,24.0,2.2156898414451467,0.28425125579892613,0.22771367324419534,2134.0
635,24.0,2.2213767157980646,0.28173631508318375,0.2216009462535828,2135.0
636,24.0,2.215836981853572,0.2715475581727952,0.22568831374009887,2136.0
637,24.0,2.21565806717368,0.2767241815235386,0.22652161150718836,2137.0
638,24.0,2.221413128097956,0.27473405172885107,0.22053131817968724,2138.0
639,24.0,2.2220462848863525,0.2681199007368922,0.22454295031336366,2139.0
640,24.0,2.221467660139151,0.2681865814626632,0.21955160978703153,2140.0
641,24.0,2.2213854690541592,0.27426538317692317,0.22038626791600394,2141.0
642,24.0,2.2213854690541592,0.27426538317692317,0.22038626791600394,2142.0
643,24.0,2.2213854690541592,0.27426538317692317,0.22038626791600394,2143.0
644,24.0,2.2213854690541592,0.27426538317692317,0.22038626791600394,2144.0
645,24.0,2.221467660139151,0.2681865814626632,0.21955160978703153,2145.0
646,24.0,2.2213854690541592,0.27426538317692317,0.22038626791600394,2146.0
647,24.0,2.2276056046746753,0.27770638429847316,0.22040117807898527,2147.0
648,24.0,2.2276056046746753,0.27770638429847316,0.22040117807898527,2148.0
649,24.0,2.2276056046746753,0.27770638429847316,0.22040117807898527,2149.0
650,24.0,2.2276056046746753,0.27770638429847316,0.22040117807898527,2150.0
651,24.0,2.2218624278799655,0.2732997750295625,0.22539385976491566,2151.0
652,24.0,2.227577946486101,0.27723767611542116,0.2202577377799485,2152.0
653,24.0,2.2277678733947046,0.27164776015907216,0.21929273872996027,2153.0
654,24.0,2.2368004368539425,0.26578161786152865,0.22534043537821014,2154.0
655,24.0,2.236783104881055,0.2587207473226169,0.22416671385526918,2155.0
656,24.0,2.233317746674133,0.27313153943285085,0.21416032614517683,2156.0
657,24.0,2.239567088994649,0.2691057064355686,0.21294831754092552,2157.0
658,24.0,2.2426252317555746,0.24773406492805564,0.21643335805589467,2158.0
659,24.0,2.2487597552379563,0.2492666203281794,0.21597939346755138,2159.0
660,24.0,2.2600357034362655,0.24955093554795552,0.20494602312110832,2160.0
661,24.0,2.2691844998053674,0.23117659746008687,0.2080137033057797,2161.0
662,24.0,2.266733985776689,0.23207875657002525,0.20103282173917195,2162.0
663,24.0,2.2729888611356825,0.22755381463940993,0.1995784068688192,2163.0
664,24.0,2.285025428115963,0.2281864306164286,0.19352233219021117,2164.0
665,24.0,2.293843213008181,0.20898117968034885,0.19601615383020313,2165.0
666,24.0,2.2998619399004845,0.20055266107390515,0.18851862231717625,2166.0
667,24.0,2.3055616154804484,0.2032341005424006,0.18406453684661217,2167.0
668,24.0,2.3142991294537874,0.1851512430030075,0.18606117413442144,2168.0
669,24.0,2.3208238284660827,0.17581206462626522,0.18307376824769,2169.0
670,24.0,2.329602401599125,0.1915016479804126,0.16942154729377668,2170.0
671,24.0,2.330433739285063,0.18373836142135655,0.17213091404268202,2171.0
672,24.0,2.3309678107558782,0.17121352886640054,0.16887025931188832,2172.0
673,24.0,2.3449704951770953,0.16340023357771916,0.1678802775240847,2173.0
674,24.0,2.344707891355989,0.1579761207955237,0.16170792641054096,2174.0
675,24.0,2.357043152902729,0.15733742526141428,0.16043078723778048,2175.0
676,24.0,2.363502866510474,0.15425687059206236,0.15908100789056343,2176.0
677,24.0,2.363857664085308,0.14805683379884943,0.15729169722964226,2177.0
678,24.0,2.369954321839327,0.14038373881258415,0.14984153438786066,2178.0
679,24.0,2.3782367945917495,0.1285805053762324,0.1525314172884246,2179.0
680,24.0,2.3780282712352356,0.12400061828189038,0.1464513059512303,2180.0
681,24.0,2.3840338403237427,0.12619204399631273,0.14666683364722674,2181.0
682,24.0,2.390496434087499,0.12361974626786032,0.14538456610436623,2182.0
683,24.0,2.388775965767659,0.1256369234580893,0.138972895728548,2183.0
684,24.0,2.394935153584167,0.12858724448898867,0.1395015115445654,2184.0
685,24.0,2.402731649409091,0.12255861204452895,0.14373844727313104,2185.0
686,24.0,2.4030167137805964,0.11654212867904397,0.1417934549715131,2186.0
687,24.0,2.401715207077286,0.11963773261944094,0.1361043128150849,2187.0
688,24.0,2.4034238165107418,0.11045108595960815,0.13982422124296973,2188.0
689,24.0,2.403842256999594,0.10484846264935312,0.13792793561591543,2189.0
690,24.0,2.409219295529064,0.10867484845928506,0.13416375607684647,2190.0
691,24.0,2.4099991496849,0.09767971631960316,0.1303018453217159,2191.0
692,24.0,2.4150318389998113,0.10731275925312986,0.1287835598091416,2192.0
693,24.0,2.420990265357365,0.10988236826873175,0.12914250515590228,2193.0
694,24.0,2.420134820679346,0.1107106888741279,0.12701396174887608,2194.0
695,24.0,2.4258933748917015,0.10940137582723938,0.12159765947499494,2195.0
696,24.0,2.42697301536122,0.10234755193476709,0.12358651243438815,2196.0
697,24.0,2.428032994000002,0.09534611779613111,0.12331544767225176,2197.0
698,24.0,2.4285176822150505,0.08986793873891082,0.12136270786486247,2198.0
699,24.0,2.4344834916592615,0.09241207333222262,0.12178451453221159,2199.0
700,24.0,2.4348500626901832,0.08657486350275606,0.11964976919711821,2200.0
701,24.0,2.4344855960327503,0.09193392372709316,0.12167722820129256,2201.0
702,24.0,2.4337987130931804,0.09322362626988477,0.11770001499882529,2202.0
703,24.0,2.43430530782346,0.0882729326981131,0.11585959940501153,2203.0
704,24.0,2.4347292880076976,0.08573329814709095,0.11936777196211325,2204.0
705,24.0,2.4348527026457996,0.0860966877696651,0.11954163338245036,2205.0
706,24.0,2.4348527026457996,0.0860966877696651,0.11954163338245036,2206.0
707,24.0,2.4348527026457996,0.0860966877696651,0.11954163338245036,2207.0
708,24.0,2.4343640177341506,0.09108979629695052,0.12140077933997095,2208.0
709,24.0,2.4343640177341506,0.09108979629695052,0.12140077933997095,2209.0
710,24.0,2.4348527026457996,0.0860966877696651,0.11954163338245036,2210.0
711,24.0,2.4348527026457996,0.0860966877696651,0.11954163338245036,2211.0
712,24.0,2.4348527026457996,0.0860966877696651,0.11954163338245036,2212.0
713,24.0,2.4343640177341506,0.09108979629695052,0.12140077933997095,2213.0
714,24.0,2.4348527026457996,0.0860966877696651,0.11954163338245036,2214.0
715,24.0,2.4348527026457996,0.0860966877696651,0.11954163338245036,2215.0
716,24.0,2.4348527026457996,0.0860966877696651,0.11954163338245036,2216.0
717,24.0,2.4348527026457996,0.0860966877696651,0.11954163338245036,2217.0
718,24.0,2.4348527026457996,0.0860966877696651,0.11954163338245036,2218.0
719,24.0,2.4348527026457996,0.0860966877696651,0.11954163338245036,2219.0
720,24.0,2.4348527026457996,0.0860966877696651,0.11954163338245036,2220.0
721,24.0,2.4348527026457996,0.0860966877696651,0.11954163338245036,2221.0
722,24.0,2.4348527026457996,0.0860966877696651,0.11954163338245036,2222.0
723,24.0,2.4348527026457996,0.0860966877696651,0.11954163338245036,2223.0
724,24.0,2.4348527026457996,0.0860966877696651,0.11954163338245036,2224.0
725,24.0,2.4348527026457996,0.0860966877696651,0.11954163338245036,2225.0
726,24.0,2.4348527026457996,0.0860966877696651,0.11954163338245036,2226.0
727,24.0,2.4348527026457996,0.0860966877696651,0.11954163338245036,2227.0
728,24.0,2.4348527026457996,0.0860966877696651,0.11954163338245036,2228.0
729,24.0,2.4347292880076976,0.08573329814709095,0.11936777196211325,2229.0
730,24.0,2.4348527026457996,0.0860966877696651,0.11954163338245036,2230.0
731,24.0,2.4348527026457996,0.0860966877696651,0.11954163338245036,2231.0
732,24.0,2.4348527026457996,0.0860966877696651,0.11954163338245036,2232.0
733,24.0,2.4348527026457996,0.0860966877696651,0.11954163338245036,2233.0
734,24.0,2.4348527026457996,0.0860966877696651,0.11954163338245036,2234.0
735,24.0,2.4348527026457996,0.0860966877696651,0.11954163338245036,2235.0
736,24.0,2.4348527026457996,0.0860966877696651,0.11954163338245036,2236.0
737,24.0,2.4348527026457996,0.0860966877696651,0.11954163338245036,2237.0
738,24.0,2.4348527026457996,0.0860966877696651,0.11954163338245036,2238.0
739,24.0,2.4348527026457996,0.0860966877696651,0.11954163338245036,2239.0
740,24.0,2.4348527026457996,0.0860966877696651,0.11954163338245036,2240.0
741,24.0,2.4348527026457996,0.0860966877696651,0.11954163338245036,2241.0
742,24.0,2.4348527026457996,0.0860966877696651,0.11954163338245036,2242.0
743,24.0,2.4348527026457996,0.0860966877696651,0.11954163338245036,2243.0
744,24.0,2.4348527026457996,0.0860966877696651,0.11954163338245036,2244.0
745,24.0,2.4348527026457996,0.0860966877696651,0.11954163338245036,2245.0
746,24.0,2.4348527026457996,0.0860966877696651,0.11954163338245036,2246.0
747,24.0,2.4352237373083505,0.0807541936667357,0.11746979346577242,2247.0
748,24.0,2.4348527026457996,0.0860966877696651,0.11954163338245036,2248.0
749,24.0,2.4348527026457996,0.0860966877696651,0.11954163338245036,2249.0
750,24.0,2.4352237373083505,0.0807541936667357,0.11746979346577242,2250.0
751,24.0,2.4352237373083505,0.0807541936667357,0.11746979346577242,2251.0
752,24.0,2.4352237373083505,0.0807541936667357,0.11746979346577242,2252.0
753,24.0,2.4348527026457996,0.0860966877696651,0.11954163338245036,2253.0
754,24.0,2.4348527026457996,0.0860966877696651,0.11954163338245036,2254.0
755,24.0,2.4348527026457996,0.0860966877696651,0.11954163338245036,2255.0
756,24.0,2.4348527026457996,0.0860966877696651,0.11954163338245036,2256.0
757,24.0,2.4348527026457996,0.0860966877696651,0.11954163338245036,2257.0
758,24.0,2.4348527026457996,0.0860966877696651,0.11954163338245036,2258.0
759,24.0,2.4348527026457996,0.0860966877696651,0.11954163338245036,2259.0
760,24.0,2.4348527026457996,0.0860966877696651,0.11954163338245036,2260.0
761,24.0,2.4348527026457996,0.0860966877696651,0.11954163338245036,2261.0
762,24.0,2.4348527026457996,0.0860966877696651,0.11954163338245036,2262.0
763,24.0,2.4348527026457996,0.0860966877696651,0.11954163338245036,2263.0
764,24.0,2.4348527026457996,0.0860966877696651,0.11954163338245036,2264.0
765,24.0,2.4348527026457996,0.0860966877696651,0.11954163338245036,2265.0
766,24.0,2.4348527026457996,0.0860966877696651,0.11954163338245036,2266.0
767,24.0,2.4348527026457996,0.0860966877696651,0.11954163338245036,2267.0
768,24.0,2.4348527026457996,0.0860966877696651,0.11954163338245036,2268.0
769,24.0,2.4348527026457996,0.0860966877696651,0.11954163338245036,2269.0
770,24.0,2.4348527026457996,0.0860966877696651,0.11954163338245036,2270.0
771,24.0,2.4348527026457996,0.0860966877696651,0.11954163338245036,2271.0
772,24.0,2.4348527026457996,0.0860966877696651,0.11954163338245036,2272.0
773,24.0,2.4348527026457996,0.0860966877696651,0.11954163338245036,2273.0
774,24.0,2.4348527026457996,0.0860966877696651,0.11954163338245036,2274.0
775,24.0,2.4348527026457996,0.0860966877696651,0.11954163338245036,2275.0
776,24.0,2.4348527026457996,0.0860966877696651,0.11954163338245036,2276.0
777,24.0,2.4348527026457996,0.0860966877696651,0.11954163338245036,2277.0
778,24.0,2.4348527026457996,0.0860966877696651,0.11954163338245036,2278.0
779,24.0,2.4348527026457996,0.0860966877696651,0.11954163338245036,2279.0
780,24.0,2.4348527026457996,0.0860966877696651,0.11954163338245036,2280.0
781,24.0,2.4348527026457996,0.0860966877696651,0.11954163338245036,2281.0
782,24.0,2.4348527026457996,0.0860966877696651,0.11954163338245036,2282.0
783,24.0,2.4348527026457996,0.0860966877696651,0.11954163338245036,2283.0
784,24.0,2.4348527026457996,0.0860966877696651,0.11954163338245036,2284.0
785,24.0,2.4348527026457996,0.0860966877696651,0.11954163338245036,2285.0
786,24.0,2.4348527026457996,0.0860966877696651,0.11954163338245036,2286.0
787,24.0,2.4348527026457996,0.0860966877696651,0.11954163338245036,2287.0
788,24.0,2.4348527026457996,0.0860966877696651,0.11954163338245036,2288.0
789,24.0,2.4348527026457996,0.0860966877696651,0.11954163338245036,2289.0
790,24.0,2.4348527026457996,0.0860966877696651,0.11954163338245036,2290.0
791,24.0,2.4348527026457996,0.0860966877696651,0.11954163338245036,2291.0
792,24.0,2.4348527026457996,0.0860966877696651,0.11954163338245036,2292.0
793,24.0,2.4343640177341506,0.09108979629695052,0.12140077933997095,2293.0
794,24.0,2.4348527026457996,0.0860966877696651,0.11954163338245036,2294.0
795,24.0,2.4348527026457996,0.0860966877696651,0.11954163338245036,2295.0
796,24.0,2.4343640177341506,0.09108979629695052,0.12140077933997095,2296.0
797,24.0,2.428401361218332,0.08806529606455751,0.12086873068245448,2297.0
798,24.0,2.4280384358966236,0.0934324157553973,0.1228841587508642,2298.0
799,24.0,2.4282506640378902,0.09671573404684172,0.12864124141925004,2299.0
800,24.0,2.4190424650853593,0.11397603909895856,0.12398409089000552,2300.0
