,markerID,tx,ty,tz,frameID
0,,,,,
1,24.0,[-0.15230286],[0.13908883],[0.51005303],1501.0
2,24.0,[-0.15230286],[0.13908883],[0.51005303],1502.0
3,24.0,[-0.15230286],[0.13908883],[0.51005303],1503.0
4,24.0,[0.],[0.],[0.],1504.0
5,24.0,[-0.12264614],[0.09889285],[0.31359356],1505.0
6,24.0,[-0.15230286],[0.13908883],[0.51005303],1506.0
7,24.0,[-0.15230286],[0.13908883],[0.51005303],1507.0
8,24.0,[0.],[0.],[0.],1508.0
9,24.0,[0.],[0.],[0.],1509.0
10,24.0,[-0.2489236],[0.20485272],[0.74920768],1510.0
11,24.0,[-0.16236792],[0.15944768],[0.53831853],1511.0
12,24.0,[0.],[0.],[0.],1512.0
13,24.0,[-0.2489236],[0.20485272],[0.74920768],1513.0
14,24.0,[-0.2489236],[0.20485272],[0.74920768],1514.0
15,24.0,[-0.06546369],[0.09338578],[0.298149],1515.0
16,24.0,[-0.2489236],[0.20485272],[0.74920768],1516.0
17,24.0,[-0.07413041],[0.05548006],[0.25001548],1517.0
18,24.0,[-0.2489236],[0.20485272],[0.74920768],1518.0
19,24.0,[-0.08730772],[0.08587034],[0.36344939],1519.0
20,24.0,[-0.07413041],[0.05548006],[0.25001548],1520.0
21,24.0,[-0.07413041],[0.05548006],[0.25001548],1521.0
22,24.0,[-0.01178406],[0.02923836],[0.10917345],1522.0
23,24.0,[-0.01178406],[0.02923836],[0.10917345],1523.0
24,24.0,[-0.18623619],[0.15345424],[0.60940726],1524.0
25,24.0,[-0.18623619],[0.15345424],[0.60940726],1525.0
26,24.0,[-0.08730772],[0.08587034],[0.36344939],1526.0
27,24.0,[-0.0205351],[0.05255138],[0.2438091],1527.0
28,24.0,[-0.1324492],[0.15051548],[0.60317999],1528.0
29,24.0,[-0.1324492],[0.15051548],[0.60317999],1529.0
30,24.0,[-0.03367089],[0.08295015],[0.35727811],1530.0
31,24.0,[0.09985705],[-0.00510701],[0.08520633],1531.0
32,24.0,[0.04468196],[0.04784286],[0.28009361],1532.0
33,24.0,[-0.06645106],[0.14536244],[0.63804604],1533.0
34,24.0,[0.09825914],[0.04492349],[0.27391271],1534.0
35,24.0,[0.20676047],[-0.01090896],[0.07296054],1535.0
36,24.0,[0.26019055],[-0.01380705],[0.06684428],1536.0
37,24.0,[0.20402461],[0.08010079],[0.41612473],1537.0
38,24.0,[0.20224049],[0.13073732],[0.60709136],1538.0
39,24.0,[0.35500729],[0.05930031],[0.35130325],1539.0
40,24.0,[0.3096134],[0.12490266],[0.59474736],1540.0
41,24.0,[0.36327724],[0.121989],[0.58858483],1541.0
42,24.0,[0.43970959],[0.10841289],[0.59179001],1542.0
43,24.0,[0.49334362],[0.10550497],[0.58563925],1543.0
44,24.0,[0.52725298],[0.11394972],[0.71762447],1544.0
45,24.0,[0.6541527],[0.09679839],[0.5672339],1545.0
46,24.0,[0.6719755],[0.11049226],[0.66917512],1546.0
47,24.0,[0.78379894],[0.07601264],[0.64509657],1547.0
48,24.0,[0.83735737],[0.07313981],[0.63904949],1548.0
49,24.0,[0.79001847],[0.11623025],[0.89427506],1549.0
50,24.0,[0.82724203],[0.15246497],[1.13151491],1550.0
51,24.0,[1.00706436],[0.06524364],[0.67316205],1551.0
52,24.0,[1.10490664],[0.05882962],[0.60897198],1552.0
53,24.0,[1.05771756],[0.19400673],[1.01920291],1553.0
54,24.0,[0.87158848],[0.37989057],[1.85013117],1554.0
55,24.0,[1.37236355],[0.06094687],[0.73738586],1555.0
56,24.0,[1.30360461],[0.21188322],[1.25352704],1556.0
57,24.0,[1.41098265],[0.20621824],[1.24170769],1557.0
58,24.0,[1.49536629],[0.27872634],[1.37855243],1558.0
59,24.0,[1.5270496],[0.33369637],[1.6369619],1559.0
60,24.0,[1.88238611],[0.11715322],[0.94701567],1560.0
61,24.0,[1.95881258],[0.14995864],[1.02998198],1561.0
62,24.0,[1.99950674],[0.24413485],[1.340711],1562.0
63,24.0,[2.26417701],[0.13711127],[0.96003309],1563.0
64,24.0,[2.3941641],[0.16720393],[1.0373708],1564.0
65,24.0,[2.33248554],[0.36078765],[1.71372352],1565.0
66,24.0,[2.7356116],[0.14112194],[1.01685193],1566.0
67,24.0,[2.79354183],[0.23160327],[1.36360528],1567.0
68,24.0,[3.00654436],[0.22107911],[1.34263144],1568.0
69,24.0,[3.16610446],[0.21325716],[1.32712713],1569.0
70,24.0,[3.32109256],[0.23191656],[1.41108057],1570.0
71,24.0,[3.50439391],[0.23516971],[1.48847205],1571.0
72,24.0,[3.71660598],[0.22516787],[1.4692458],1572.0
73,24.0,[3.8755728],[0.21774532],[1.45507704],1573.0
74,24.0,[4.08727218],[0.20795604],[1.43652725],1574.0
75,24.0,[4.29867868],[0.19829215],[1.41837605],1575.0
76,24.0,[4.46747562],[0.22788828],[1.54457392],1576.0
77,24.0,[4.57331139],[0.30362635],[1.83967795],1577.0
78,24.0,[4.81059162],[0.28152985],[1.82471328],1578.0
79,24.0,[4.90093592],[0.36019509],[2.17913482],1579.0
80,24.0,[5.14020902],[0.36187536],[2.15629305],1580.0
81,24.0,[5.4403673],[0.25625757],[1.88129036],1581.0
82,24.0,[5.67258498],[0.21384516],[1.78892003],1582.0
83,24.0,[5.79313159],[0.30300529],[2.13619215],1583.0
84,24.0,[6.05619609],[0.23234642],[1.89102428],1584.0
85,24.0,[6.16669013],[0.30820941],[2.18706546],1585.0
86,24.0,[6.56783596],[0.13842646],[1.57861816],1586.0
87,24.0,[6.69122727],[0.22684197],[1.92298825],1587.0
88,24.0,[6.92393003],[0.12138407],[1.68976188],1588.0
89,24.0,[6.96156807],[0.24517405],[2.21000283],1589.0
90,24.0,[7.0412216],[0.38059497],[2.63101266],1590.0
91,24.0,[7.45364916],[0.18185029],[1.96198267],1591.0
92,24.0,[7.66146995],[0.1749907],[1.9528778],1592.0
93,24.0,[7.75405561],[0.23453951],[2.23402594],1593.0
94,24.0,[7.92268381],[0.2432895],[2.28041754],1594.0
95,24.0,[8.13052929],[0.23683231],[2.27256416],1595.0
96,24.0,[8.35798109],[0.15781618],[2.04118829],1596.0
97,24.0,[8.39516149],[0.30413944],[2.59746064],1597.0
98,24.0,[8.71496485],[0.14085542],[2.05393448],1598.0
99,24.0,[8.79651537],[0.1882391],[2.28822982],1599.0
100,24.0,[8.95513777],[0.15493107],[2.27222538],1600.0
101,24.0,[9.02336761],[0.2307077],[2.5646938],1601.0
102,24.0,[9.13628617],[0.27052807],[2.62600914],1602.0
103,24.0,[9.39768656],[0.15206831],[2.24682258],1603.0
104,24.0,[9.54157748],[0.14781228],[2.28987322],1604.0
105,24.0,[9.81039687],[0.07220505],[1.97527398],1605.0
106,24.0,[9.83152898],[0.2315057],[2.62864097],1606.0
107,24.0,[10.02033382],[0.16416527],[2.48570055],1607.0
108,24.0,[10.17443472],[0.20275282],[2.59342031],1608.0
109,24.0,[10.31419311],[0.16170757],[2.54791295],1609.0
110,24.0,[10.38789418],[0.27814002],[2.94463338],1610.0
111,24.0,[10.54275097],[0.2747912],[2.94311341],1611.0
112,24.0,[10.82822241],[0.07880568],[2.27041439],1612.0
113,24.0,[10.93067164],[0.07666672],[2.26959983],1613.0
114,24.0,[11.05732868],[0.07654529],[2.27775584],1614.0
115,24.0,[11.22280426],[0.04615079],[2.22384078],1615.0
116,24.0,[11.31313842],[0.0714724],[2.27643724],1616.0
117,24.0,[11.5290028],[-0.03286069],[1.94523242],1617.0
118,24.0,[11.4303494],[0.20637649],[2.89279686],1618.0
119,24.0,[11.6474348],[0.10051209],[2.55585346],1619.0
120,24.0,[11.68531632],[0.21701623],[2.90157357],1620.0
121,24.0,[11.89182987],[0.09748243],[2.61088034],1621.0
122,24.0,[12.05607825],[0.06832323],[2.56113591],1622.0
123,24.0,[12.19162317],[-0.04484756],[2.23873126],1623.0
124,24.0,[12.12121361],[0.11531399],[2.79227941],1624.0
125,24.0,[12.24563205],[-0.02393904],[2.22315052],1625.0
126,24.0,[12.20730005],[0.00456052],[2.27937057],1626.0
127,24.0,[12.20730005],[0.00456052],[2.27937057],1627.0
128,24.0,[12.13341727],[0.07961473],[2.55919458],1628.0
129,24.0,[12.20730005],[0.00456052],[2.27937057],1629.0
130,24.0,[12.08170561],[0.14513489],[2.85312841],1630.0
131,24.0,[12.08170561],[0.14513489],[2.85312841],1631.0
132,24.0,[12.147608],[0.09311323],[2.61129621],1632.0
133,24.0,[12.20730005],[0.00456052],[2.27937057],1633.0
134,24.0,[12.20730005],[0.00456052],[2.27937057],1634.0
135,24.0,[12.08170561],[0.14513489],[2.85312841],1635.0
136,24.0,[12.13407458],[0.05363853],[2.55778512],1636.0
137,24.0,[12.19469421],[-0.02308662],[2.22302561],1637.0
138,24.0,[12.15632494],[0.00542143],[2.27927156],1638.0
139,24.0,[12.15632494],[0.00542143],[2.27927156],1639.0
140,24.0,[12.15632494],[0.00542143],[2.27927156],1640.0
141,24.0,[12.15632494],[0.00542143],[2.27927156],1641.0
142,24.0,[12.25375236],[-0.11059746],[1.894812],1642.0
143,24.0,[12.19469421],[-0.02308662],[2.22302561],1643.0
144,24.0,[12.15632494],[0.00542143],[2.27927156],1644.0
145,24.0,[12.15632494],[0.00542143],[2.27927156],1645.0
146,24.0,[12.15632494],[0.00542143],[2.27927156],1646.0
147,24.0,[12.19469421],[-0.02308662],[2.22302561],1647.0
148,24.0,[12.15632494],[0.00542143],[2.27927156],1648.0
149,24.0,[12.15632494],[0.00542143],[2.27927156],1649.0
150,24.0,[12.15632494],[0.00542143],[2.27927156],1650.0
151,24.0,[12.14887611],[0.00259288],[2.316312],1651.0
152,24.0,[12.15632494],[0.00542143],[2.27927156],1652.0
153,24.0,[12.19469421],[-0.02308662],[2.22302561],1653.0
154,24.0,[12.25746247],[-0.07119374],[1.99493868],1654.0
155,24.0,[12.20730005],[0.00456052],[2.27937057],1655.0
156,24.0,[12.20730005],[0.00456052],[2.27937057],1656.0
157,24.0,[12.30452773],[-0.11145033],[1.89492603],1657.0
158,24.0,[12.31870241],[-0.09813204],[1.94637881],1658.0
159,24.0,[12.24309318],[-0.02065842],[2.23429874],1659.0
160,24.0,[12.24309318],[-0.02065842],[2.23429874],1660.0
161,24.0,[12.30828653],[-0.07204485],[1.99505537],1661.0
162,24.0,[12.30828653],[-0.07204485],[1.99505537],1662.0
163,24.0,[12.30828653],[-0.07204485],[1.99505537],1663.0
164,24.0,[12.24309318],[-0.02065842],[2.23429874],1664.0
165,24.0,[12.35529513],[-0.11229653],[1.89505339],1665.0
166,24.0,[12.35910274],[-0.0728894],[1.99518487],1666.0
167,24.0,[12.44945987],[-0.11680877],[1.93223419],1667.0
168,24.0,[12.3741259],[0.05031892],[2.51216755],1668.0
169,24.0,[12.46932677],[0.04532523],[2.5477076],1669.0
170,24.0,[12.57140969],[0.04371915],[2.54817468],1670.0
171,24.0,[12.79098487],[-0.05840181],[2.17586903],1671.0
172,24.0,[12.84053881],[0.02804428],[2.60584853],1672.0
173,24.0,[12.98435598],[0.05099037],[2.65187533],1673.0
174,24.0,[13.23193488],[-0.06857094],[2.26287878],1674.0
175,24.0,[13.33024135],[0.01536664],[2.58748658],1675.0
176,24.0,[13.50888886],[-0.05776422],[2.46728996],1676.0
177,24.0,[13.72337164],[-0.11119495],[2.22825152],1677.0
178,24.0,[13.92907712],[-0.18741579],[1.90220139],1678.0
179,24.0,[14.01182818],[-0.14003644],[2.18538893],1679.0
180,24.0,[14.15921601],[-0.14756526],[2.21345319],1680.0
181,24.0,[14.24662358],[-0.07934635],[2.47761878],1681.0
182,24.0,[14.51510386],[-0.22577067],[1.88755823],1682.0
183,24.0,[14.51595929],[-0.06909612],[2.5313763],1683.0
184,24.0,[14.66831711],[-0.07086536],[2.53287196],1684.0
185,24.0,[14.86806319],[-0.15446602],[2.22547492],1685.0
186,24.0,[14.9610809],[-0.1048769],[2.46742014],1686.0
187,24.0,[15.09392988],[-0.15253727],[2.44179283],1687.0
188,24.0,[15.21115158],[-0.14046995],[2.49361814],1688.0
189,24.0,[15.3473799],[-0.15526922],[2.44421079],1689.0
190,24.0,[15.54567696],[-0.23974516],[2.13224684],1690.0
191,24.0,[15.69723346],[-0.2413416],[2.13351277],1691.0
192,24.0,[15.75221696],[-0.18299518],[2.45689647],1692.0
193,24.0,[15.83734882],[-0.19710073],[2.40728435],1693.0
194,24.0,[15.90424396],[-0.14228234],[2.66732768],1694.0
195,24.0,[16.10496174],[-0.24943787],[2.12116705],1695.0
196,24.0,[16.1082739],[-0.17459873],[2.454515],1696.0
197,24.0,[16.1866063],[-0.26796784],[2.30173346],1697.0
198,24.0,[16.23717317],[-0.26847412],[2.30206613],1698.0
199,24.0,[16.28974254],[-0.31427274],[2.07989233],1699.0
200,24.0,[16.28974254],[-0.31427274],[2.07989233],1700.0
201,24.0,[16.23300393],[-0.24850739],[2.3277072],1701.0
202,24.0,[16.23300393],[-0.24850739],[2.3277072],1702.0
203,24.0,[16.23300393],[-0.24850739],[2.3277072],1703.0
204,24.0,[16.23300393],[-0.24850739],[2.3277072],1704.0
205,24.0,[16.28974254],[-0.31427274],[2.07989233],1705.0
206,24.0,[16.23300393],[-0.24850739],[2.3277072],1706.0
207,24.0,[16.23300393],[-0.24850739],[2.3277072],1707.0
208,24.0,[16.23300393],[-0.24850739],[2.3277072],1708.0
209,24.0,[16.27336374],[-0.32718029],[2.0300734],1709.0
210,24.0,[16.27336374],[-0.32718029],[2.0300734],1710.0
211,24.0,[16.23300393],[-0.24850739],[2.3277072],1711.0
212,24.0,[16.23300393],[-0.24850739],[2.3277072],1712.0
213,24.0,[16.23300393],[-0.24850739],[2.3277072],1713.0
214,24.0,[16.23300393],[-0.24850739],[2.3277072],1714.0
215,24.0,[16.23300393],[-0.24850739],[2.3277072],1715.0
216,24.0,[16.23300393],[-0.24850739],[2.3277072],1716.0
217,24.0,[16.19426775],[-0.22981042],[2.39770705],1717.0
218,24.0,[16.19426775],[-0.22981042],[2.39770705],1718.0
219,24.0,[16.24127884],[-0.30511549],[2.06435606],1719.0
220,24.0,[16.24127884],[-0.30511549],[2.06435606],1720.0
221,24.0,[16.19426775],[-0.22981042],[2.39770705],1721.0
222,24.0,[16.23717317],[-0.26847412],[2.30206613],1722.0
223,24.0,[16.23717317],[-0.26847412],[2.30206613],1723.0
224,24.0,[16.23717317],[-0.26847412],[2.30206613],1724.0
225,24.0,[16.1988459],[-0.2350734],[2.37727486],1725.0
226,24.0,[16.23300393],[-0.24850739],[2.3277072],1726.0
227,24.0,[16.23885883],[-0.28433627],[2.29060323],1727.0
228,24.0,[16.28384052],[-0.36825775],[1.97229995],1728.0
229,24.0,[16.22736072],[-0.30300401],[2.21841264],1729.0
230,24.0,[16.23180921],[-0.32334745],[2.19125288],1730.0
231,24.0,[16.22698606],[-0.32855373],[2.22133051],1731.0
232,24.0,[16.23870757],[-0.37145254],[2.15669125],1732.0
233,24.0,[16.20532454],[-0.33047188],[2.41097605],1733.0
234,24.0,[16.19773908],[-0.27489617],[2.67169341],1734.0
235,24.0,[16.279223],[-0.41509478],[2.28851404],1735.0
236,24.0,[16.24637858],[-0.3748541],[2.54077793],1736.0
237,24.0,[16.32143133],[-0.46115139],[2.41173838],1737.0
238,24.0,[16.33856363],[-0.40690366],[2.67147846],1738.0
239,24.0,[16.43701756],[-0.53526038],[2.3324919],1739.0
240,24.0,[16.39569848],[-0.41012233],[2.86111875],1740.0
241,24.0,[16.49977189],[-0.52314503],[2.48129212],1741.0
242,24.0,[16.496237],[-0.51255552],[2.72219578],1742.0
243,24.0,[16.54601163],[-0.56153568],[2.58566007],1743.0
244,24.0,[16.51103602],[-0.5035588],[2.85751908],1744.0
245,24.0,[16.5477059],[-0.54618861],[2.79476136],1745.0
246,24.0,[16.51676062],[-0.49469531],[3.04359557],1746.0
247,24.0,[16.56430749],[-0.56615609],[2.92078513],1747.0
248,24.0,[16.56345582],[-0.61618987],[2.92863629],1748.0
249,24.0,[16.47761784],[-0.50100251],[3.42193906],1749.0
250,24.0,[16.61159444],[-0.68845267],[2.80201939],1750.0
251,24.0,[16.63454343],[-0.71699826],[2.89351427],1751.0
252,24.0,[16.58406535],[-0.7000643],[3.1105191],1752.0
253,24.0,[16.63875888],[-0.79583305],[2.94337135],1753.0
254,24.0,[16.60212918],[-0.74809476],[3.23047872],1754.0
255,24.0,[16.68867921],[-0.92178087],[2.80882184],1755.0
256,24.0,[16.66171143],[-0.88983271],[3.03506577],1756.0
257,24.0,[16.57943416],[-0.8186602],[3.51601129],1757.0
258,24.0,[16.66347194],[-0.96282653],[3.10650016],1758.0
259,24.0,[16.64166568],[-0.91933255],[3.53300878],1759.0
260,24.0,[16.58894041],[-0.88575306],[3.76690914],1760.0
261,24.0,[16.69412418],[-1.04243202],[3.15315108],1761.0
262,24.0,[16.61900299],[-0.9696613],[3.59150772],1762.0
263,24.0,[16.61959773],[-1.01035039],[3.5864952],1763.0
264,24.0,[16.6139262],[-1.0262605],[3.62669652],1764.0
265,24.0,[16.62588087],[-1.05049072],[3.63412944],1765.0
266,24.0,[16.60091958],[-1.02024654],[3.85685218],1766.0
267,24.0,[16.6004412],[-1.05946519],[3.85795244],1767.0
268,24.0,[16.61857712],[-1.15820879],[3.83007321],1768.0
269,24.0,[16.58569516],[-1.11694684],[4.09850789],1769.0
270,24.0,[16.64793255],[-1.23471279],[3.89168086],1770.0
271,24.0,[16.6205679],[-1.21556056],[4.1258513],1771.0
272,24.0,[16.68868178],[-1.35568521],[3.88150757],1772.0
273,24.0,[16.66133331],[-1.34836236],[4.1208011],1773.0
274,24.0,[16.60041242],[-1.28163493],[4.70637634],1774.0
275,24.0,[16.66662212],[-1.40494729],[4.47566235],1775.0
276,24.0,[16.60256273],[-1.36511444],[4.85000601],1776.0
277,24.0,[16.55720948],[-1.38284502],[5.0433572],1777.0
278,24.0,[16.62172633],[-1.51616182],[4.82533092],1778.0
279,24.0,[16.57792499],[-1.49413878],[5.23743986],1779.0
280,24.0,[16.64845937],[-1.61140103],[4.97620183],1780.0
281,24.0,[16.62541449],[-1.61112332],[5.19324142],1781.0
282,24.0,[16.65998594],[-1.72182273],[5.06466673],1782.0
283,24.0,[16.72767495],[-1.85915398],[4.82638613],1783.0
284,24.0,[16.66983081],[-1.8544833],[5.17066976],1784.0
285,24.0,[16.59590552],[-1.77884077],[5.75888999],1785.0
286,24.0,[16.66479402],[-1.89081528],[5.51436474],1786.0
287,24.0,[16.68561053],[-1.97453392],[5.551102],1787.0
288,24.0,[16.6471184],[-2.01674513],[5.70647311],1788.0
289,24.0,[16.57652018],[-1.97638073],[6.20795453],1789.0
290,24.0,[16.55980046],[-2.01333079],[6.38941715],1790.0
291,24.0,[16.58537536],[-2.07797876],[6.39763184],1791.0
292,24.0,[16.54772085],[-2.14754665],[6.55208705],1792.0
293,24.0,[16.55228649],[-2.24762752],[6.5242084],1793.0
294,24.0,[16.50369091],[-2.25859435],[6.81667548],1794.0
295,24.0,[16.47944514],[-2.25400337],[7.12240706],1795.0
296,24.0,[16.47110335],[-2.37579418],[6.94194905],1796.0
297,24.0,[16.46134429],[-2.38301001],[7.08194046],1797.0
298,24.0,[16.44959078],[-2.41600679],[7.22974268],1798.0
299,24.0,[16.41437577],[-2.47824959],[7.36435198],1799.0
300,24.0,[16.37319318],[-2.48750727],[7.61400079],1800.0
301,24.0,[16.33902023],[-2.51096347],[7.74388425],1801.0
302,24.0,[16.36534135],[-2.61738299],[7.51309071],1802.0
303,24.0,[16.36453945],[-2.66893544],[7.52124917],1803.0
304,24.0,[16.32728888],[-2.6840882],[7.74742171],1804.0
305,24.0,[16.32679129],[-2.72407356],[7.7486833],1805.0
306,24.0,[16.32795193],[-2.76507105],[7.74571687],1806.0
307,24.0,[16.3286336],[-2.78923277],[7.81639007],1807.0
308,24.0,[16.29568789],[-2.81479037],[7.93886385],1808.0
309,24.0,[16.22827946],[-2.8031059],[8.10653312],1809.0
310,24.0,[16.19654246],[-2.83058092],[8.22142186],1810.0
311,24.0,[16.22108497],[-2.8554936],[8.23277107],1811.0
312,24.0,[16.232438],[-2.97611757],[7.93345398],1812.0
313,24.0,[16.20748924],[-3.02676582],[8.00524813],1813.0
314,24.0,[16.19989492],[-3.05138257],[8.13469681],1814.0
315,24.0,[16.07226261],[-2.97072729],[8.7339803],1815.0
316,24.0,[16.11682502],[-3.1176953],[8.31526088],1816.0
317,24.0,[16.08628851],[-3.10381396],[8.49703699],1817.0
318,24.0,[16.11646312],[-3.16625158],[8.39914341],1818.0
319,24.0,[16.08242974],[-3.17335834],[8.60845999],1819.0
320,24.0,[16.0293589],[-3.21378889],[8.60542084],1820.0
321,24.0,[15.97719215],[-3.20667786],[8.75663639],1821.0
322,24.0,[16.00092613],[-3.20300232],[8.77461571],1822.0
323,24.0,[16.00661197],[-3.26795231],[8.66364722],1823.0
324,24.0,[15.91727731],[-3.20271571],[8.95565761],1824.0
325,24.0,[15.9221003],[-3.26655038],[8.84984838],1825.0
326,24.0,[15.94593299],[-3.26300254],[8.86732422],1826.0
327,24.0,[15.91823214],[-3.29680878],[8.95732335],1827.0
328,24.0,[15.92412785],[-3.31860904],[8.91978801],1828.0
329,24.0,[15.97069592],[-3.4694967],[8.41407534],1829.0
330,24.0,[15.84104069],[-3.37259188],[9.10027629],1830.0
331,24.0,[15.81485344],[-3.39635001],[9.1759934],1831.0
332,24.0,[15.79132105],[-3.42651246],[9.15951652],1832.0
333,24.0,[15.76556052],[-3.45090025],[9.23257498],1833.0
334,24.0,[15.76348496],[-3.48384268],[9.32945638],1834.0
335,24.0,[15.74338681],[-3.52450032],[9.45278873],1835.0
336,24.0,[15.69023608],[-3.54797914],[9.52917689],1836.0
337,24.0,[15.66746548],[-3.63374763],[9.50701249],1837.0
338,24.0,[15.62093568],[-3.6748579],[9.62770087],1838.0
339,24.0,[15.49561703],[-3.59293361],[10.19679471],1839.0
340,24.0,[15.54626395],[-3.72877923],[9.75124173],1840.0
341,24.0,[15.54688092],[-3.78666775],[9.67049352],1841.0
342,24.0,[15.52907112],[-3.79088533],[9.77607366],1842.0
343,24.0,[15.40293558],[-3.72161369],[10.35278501],1843.0
344,24.0,[15.37804894],[-3.751577],[10.33921166],1844.0
345,24.0,[15.33999392],[-3.75951857],[10.49086183],1845.0
346,24.0,[15.39398352],[-3.89812894],[10.02810689],1846.0
347,24.0,[15.28235443],[-3.82175331],[10.51551321],1847.0
348,24.0,[15.34264349],[-3.98163363],[10.01504785],1848.0
349,24.0,[15.34949765],[-4.00412353],[9.97291767],1849.0
350,24.0,[15.21858942],[-3.90470305],[10.5703288],1850.0
351,24.0,[15.22910671],[-3.92721184],[10.59294699],1851.0
352,24.0,[15.1970851],[-3.94793231],[10.62208208],1852.0
353,24.0,[15.1970851],[-3.94793231],[10.62208208],1853.0
354,24.0,[15.20383909],[-3.97032486],[10.58056865],1854.0
355,24.0,[15.20383909],[-3.97032486],[10.58056865],1855.0
356,24.0,[15.21795005],[-3.95747634],[10.57778708],1856.0
357,24.0,[15.21398111],[-3.96955718],[10.51985131],1857.0
358,24.0,[15.21795005],[-3.95747634],[10.57778708],1858.0
359,24.0,[15.21795005],[-3.95747634],[10.57778708],1859.0
360,24.0,[15.21795005],[-3.95747634],[10.57778708],1860.0
361,24.0,[15.21398111],[-3.96955718],[10.51985131],1861.0
362,24.0,[15.21795005],[-3.95747634],[10.57778708],1862.0
363,24.0,[15.21795005],[-3.95747634],[10.57778708],1863.0
364,24.0,[15.21795005],[-3.95747634],[10.57778708],1864.0
365,24.0,[15.19222744],[-3.95895077],[10.56920551],1865.0
366,24.0,[15.21795005],[-3.95747634],[10.57778708],1866.0
367,24.0,[15.21795005],[-3.95747634],[10.57778708],1867.0
368,24.0,[15.1970851],[-3.94793231],[10.62208208],1868.0
369,24.0,[15.1970851],[-3.94793231],[10.62208208],1869.0
370,24.0,[15.21795005],[-3.95747634],[10.57778708],1870.0
371,24.0,[15.21795005],[-3.95747634],[10.57778708],1871.0
372,24.0,[15.1970851],[-3.94793231],[10.62208208],1872.0
373,24.0,[15.1970851],[-3.94793231],[10.62208208],1873.0
374,24.0,[15.21795005],[-3.95747634],[10.57778708],1874.0
375,24.0,[15.1970851],[-3.94793231],[10.62208208],1875.0
376,24.0,[15.1970851],[-3.94793231],[10.62208208],1876.0
377,24.0,[15.1970851],[-3.94793231],[10.62208208],1877.0
378,24.0,[15.1970851],[-3.94793231],[10.62208208],1878.0
379,24.0,[15.21795005],[-3.95747634],[10.57778708],1879.0
380,24.0,[15.21795005],[-3.95747634],[10.57778708],1880.0
381,24.0,[15.21795005],[-3.95747634],[10.57778708],1881.0
382,24.0,[15.21795005],[-3.95747634],[10.57778708],1882.0
383,24.0,[15.21795005],[-3.95747634],[10.57778708],1883.0
384,24.0,[15.1970851],[-3.94793231],[10.62208208],1884.0
385,24.0,[15.21398111],[-3.96955718],[10.51985131],1885.0
386,24.0,[15.21795005],[-3.95747634],[10.57778708],1886.0
387,24.0,[15.1970851],[-3.94793231],[10.62208208],1887.0
388,24.0,[15.1970851],[-3.94793231],[10.62208208],1888.0
389,24.0,[15.21795005],[-3.95747634],[10.57778708],1889.0
390,24.0,[15.21795005],[-3.95747634],[10.57778708],1890.0
391,24.0,[15.1970851],[-3.94793231],[10.62208208],1891.0
392,24.0,[15.1970851],[-3.94793231],[10.62208208],1892.0
393,24.0,[15.21795005],[-3.95747634],[10.57778708],1893.0
394,24.0,[15.21795005],[-3.95747634],[10.57778708],1894.0
395,24.0,[15.21795005],[-3.95747634],[10.57778708],1895.0
396,24.0,[15.21795005],[-3.95747634],[10.57778708],1896.0
397,24.0,[15.21795005],[-3.95747634],[10.57778708],1897.0
398,24.0,[15.21795005],[-3.95747634],[10.57778708],1898.0
399,24.0,[15.21795005],[-3.95747634],[10.57778708],1899.0
400,24.0,[15.21795005],[-3.95747634],[10.57778708],1900.0
401,24.0,[15.21795005],[-3.95747634],[10.57778708],1901.0
402,24.0,[15.2234066],[-3.9907652],[10.54863029],1902.0
403,24.0,[15.20849527],[-3.97152014],[10.63963644],1903.0
404,24.0,[15.07146247],[-3.88271788],[11.18941488],1904.0
405,24.0,[15.0973118],[-3.9249911],[11.11911784],1905.0
406,24.0,[15.1352232],[-4.04577058],[10.67064529],1906.0
407,24.0,[15.00939172],[-3.99371344],[11.24260777],1907.0
408,24.0,[15.07390584],[-4.15679675],[10.72087552],1908.0
409,24.0,[14.9555954],[-4.11634698],[11.24065948],1909.0
410,24.0,[14.90666059],[-4.16052457],[11.28925255],1910.0
411,24.0,[14.91978764],[-4.24001672],[11.30128544],1911.0
412,24.0,[14.85795155],[-4.27080318],[11.34671476],1912.0
413,24.0,[14.81381767],[-4.3249437],[11.28165731],1913.0
414,24.0,[14.68251644],[-4.24287701],[11.87673357],1914.0
415,24.0,[14.68315538],[-4.28499261],[11.87214064],1915.0
416,24.0,[14.74797834],[-4.4031451],[11.3602415],1916.0
417,24.0,[14.64137059],[-4.36420374],[11.88454336],1917.0
418,24.0,[14.52460121],[-4.32964618],[12.38846919],1918.0
419,24.0,[14.57798177],[-4.4909385],[11.8627808],1919.0
420,24.0,[14.46375684],[-4.4473841],[12.34596437],1920.0
421,24.0,[14.4217561],[-4.49957128],[12.35657333],1921.0
422,24.0,[14.38817974],[-4.57555841],[12.31746169],1922.0
423,24.0,[14.24993268],[-4.52080182],[12.86062372],1923.0
424,24.0,[14.32020247],[-4.68306295],[12.32472678],1924.0
425,24.0,[14.28516441],[-4.7295596],[12.29585019],1925.0
426,24.0,[14.27416252],[-4.7732413],[12.28224905],1926.0
427,24.0,[14.15336396],[-4.7236981],[12.80348627],1927.0
428,24.0,[14.20702955],[-4.91018336],[12.20777073],1928.0
429,24.0,[14.09412454],[-4.87170857],[12.67619288],1929.0
430,24.0,[13.95617848],[-4.80786353],[13.20426903],1930.0
431,24.0,[14.02386484],[-4.96545811],[12.61394528],1931.0
432,24.0,[13.98934707],[-5.02586912],[12.58285545],1932.0
433,24.0,[13.84987036],[-4.96152604],[13.11645744],1933.0
434,24.0,[13.82243772],[-5.04419832],[13.04331233],1934.0
435,24.0,[13.72078924],[-5.046005],[13.45538571],1935.0
436,24.0,[13.66694225],[-5.08879605],[13.44463612],1936.0
437,24.0,[13.52890207],[-5.06962467],[13.89423461],1937.0
438,24.0,[13.58013844],[-5.23509947],[13.32271256],1938.0
439,24.0,[13.57235816],[-5.32254845],[13.22526435],1939.0
440,24.0,[13.41220741],[-5.32442305],[13.63856318],1940.0
441,24.0,[13.26687666],[-5.25968891],[14.11463978],1941.0
442,24.0,[13.26765056],[-5.38354796],[13.97337626],1942.0
443,24.0,[13.21408505],[-5.42687963],[13.9599514],1943.0
444,24.0,[13.18423245],[-5.50608096],[13.83032601],1944.0
445,24.0,[13.07754966],[-5.48157311],[14.17470936],1945.0
446,24.0,[13.02216125],[-5.53616095],[14.17504214],1946.0
447,24.0,[12.88878467],[-5.52747644],[14.58376272],1947.0
448,24.0,[12.73975671],[-5.48891059],[15.07843191],1948.0
449,24.0,[12.83194259],[-5.66231785],[14.45156335],1949.0
450,24.0,[12.78373039],[-5.73854065],[14.41108234],1950.0
451,24.0,[12.68548288],[-5.76493041],[14.63683344],1951.0
452,24.0,[12.62997085],[-5.81974571],[14.63657583],1952.0
453,24.0,[12.53331573],[-5.82101803],[14.84967793],1953.0
454,24.0,[12.51161184],[-5.90862194],[14.74979608],1954.0
455,24.0,[12.34626747],[-5.88589273],[15.24296485],1955.0
456,24.0,[12.33619373],[-6.01028506],[14.94117945],1956.0
457,24.0,[12.17729837],[-5.9945728],[15.32249011],1957.0
458,24.0,[12.16642008],[-6.10666798],[15.16494331],1958.0
459,24.0,[12.04758197],[-6.12907923],[15.41775072],1959.0
460,24.0,[11.9918023],[-6.18425825],[15.41677804],1960.0
461,24.0,[11.73629544],[-6.08254837],[16.3567489],1961.0
462,24.0,[11.71516849],[-6.22291067],[16.03965824],1962.0
463,24.0,[11.6700697],[-6.30151174],[15.90943124],1963.0
464,24.0,[11.51203564],[-6.30385479],[16.27888954],1964.0
465,24.0,[11.52726517],[-6.43572967],[15.85051343],1965.0
466,24.0,[11.37018711],[-6.45374965],[16.21330231],1966.0
467,24.0,[11.30895689],[-6.58367344],[16.02594731],1967.0
468,24.0,[11.05182724],[-6.51163319],[16.73942927],1968.0
469,24.0,[11.01388499],[-6.58201706],[16.57389025],1969.0
470,24.0,[10.85861611],[-6.60438824],[16.91920677],1970.0
471,24.0,[10.90343856],[-6.75971115],[16.34950369],1971.0
472,24.0,[10.82769338],[-6.8087173],[16.30260124],1972.0
473,24.0,[10.55086615],[-6.66248266],[17.37430714],1973.0
474,24.0,[10.54964983],[-6.75308566],[17.17531598],1974.0
475,24.0,[10.49323245],[-6.809125],[17.17282406],1975.0
476,24.0,[10.46369066],[-6.87216618],[16.96650554],1976.0
477,24.0,[10.36936167],[-6.88011437],[17.07695475],1977.0
478,24.0,[10.31301635],[-6.93611121],[17.07426746],1978.0
479,24.0,[10.28592434],[-6.98648828],[16.85771593],1979.0
480,24.0,[10.16650994],[-6.94141843],[17.36244742],1980.0
481,24.0,[10.10621998],[-7.00787924],[17.38189984],1981.0
482,24.0,[10.0081019],[-7.0067986],[17.71581355],1982.0
483,24.0,[9.98292269],[-7.12862449],[17.49408849],1983.0
484,24.0,[9.74445514],[-7.11771979],[17.87588545],1984.0
485,24.0,[9.71784413],[-7.13979434],[17.65591347],1985.0
486,24.0,[9.59318566],[-7.10707094],[18.18070351],1986.0
487,24.0,[9.6987029],[-7.25913752],[17.61743046],1987.0
488,24.0,[9.61821009],[-7.27954001],[17.65751702],1988.0
489,24.0,[9.62027023],[-7.36239503],[17.24297488],1989.0
490,24.0,[9.43189761],[-7.27852777],[17.98857696],1990.0
491,24.0,[9.4086468],[-7.34413263],[17.76069933],1991.0
492,24.0,[9.35617212],[-7.34487052],[18.0088026],1992.0
493,24.0,[9.29960168],[-7.35958417],[18.00070842],1993.0
494,24.0,[9.23090029],[-7.41768152],[17.98609493],1994.0
495,24.0,[9.13943045],[-7.45572928],[18.00471782],1995.0
496,24.0,[9.02928991],[-7.47052935],[18.25061461],1996.0
497,24.0,[9.08639081],[-7.58633289],[17.72008829],1997.0
498,24.0,[8.81137013],[-7.42293906],[18.78325704],1998.0
499,24.0,[8.79271977],[-7.50575698],[18.53578278],1999.0
500,24.0,[8.64846862],[-7.50394261],[18.79598299],2000.0
501,24.0,[8.67448408],[-7.5847092],[18.47628326],2001.0
502,24.0,[8.66573514],[-7.61628145],[18.45582633],2002.0
503,24.0,[8.77276012],[-7.72200082],[17.90033374],2003.0
504,24.0,[8.53530859],[-7.61525736],[18.71415417],2004.0
505,24.0,[8.59121668],[-7.74156461],[18.200996],2005.0
506,24.0,[8.35845229],[-7.73518902],[18.66050212],2006.0
507,24.0,[8.21957832],[-7.75303493],[18.89171639],2007.0
508,24.0,[8.2302275],[-7.92883789],[18.32550129],2008.0
509,24.0,[8.0144238],[-7.87378522],[18.82984187],2009.0
510,24.0,[7.87702555],[-7.87928978],[19.05091732],2010.0
511,24.0,[7.91131464],[-7.96361671],[18.70224349],2011.0
512,24.0,[7.77197873],[-7.9816774],[18.93455228],2012.0
513,24.0,[7.64118555],[-7.97862659],[19.12211063],2013.0
514,24.0,[7.7184178],[-8.08804463],[18.5252066],2014.0
515,24.0,[7.50103391],[-8.01999809],[19.02643023],2015.0
516,24.0,[7.42686384],[-8.03045249],[19.22499627],2016.0
517,24.0,[7.37340641],[-8.07622218],[19.20180978],2017.0
518,24.0,[7.33382423],[-8.14106925],[19.0565277],2018.0
519,24.0,[7.27649698],[-8.14136955],[19.04866479],2019.0
520,24.0,[7.06471233],[-8.02912675],[19.83811061],2020.0
521,24.0,[7.11699877],[-8.08959731],[19.54805769],2021.0
522,24.0,[7.14819926],[-8.15477929],[19.2246004],2022.0
523,24.0,[7.08159341],[-8.15727915],[19.38579553],2023.0
524,24.0,[6.98770822],[-8.10284662],[19.72637915],2024.0
525,24.0,[6.96813695],[-8.12330749],[19.6844338],2025.0
526,24.0,[6.9554463],[-8.17278247],[19.54929215],2026.0
527,24.0,[6.90596965],[-8.20760432],[19.50497083],2027.0
528,24.0,[6.84052392],[-8.23028667],[19.53627935],2028.0
529,24.0,[6.88258468],[-8.33085646],[19.16783528],2029.0
530,24.0,[6.78174106],[-8.31644333],[19.34371478],2030.0
531,24.0,[6.59826879],[-8.29825519],[19.81514977],2031.0
532,24.0,[6.6435841],[-8.40642731],[19.11628397],2032.0
533,24.0,[6.52668112],[-8.41477525],[19.23590742],2033.0
534,24.0,[6.52725337],[-8.4722185],[19.04756325],2034.0
535,24.0,[6.23800552],[-8.3470697],[20.02156285],2035.0
536,24.0,[6.28771308],[-8.45141146],[19.62613754],2036.0
537,24.0,[6.22999175],[-8.45166543],[19.61835404],2037.0
538,24.0,[6.1770755],[-8.49797465],[19.59110266],2038.0
539,24.0,[6.11680688],[-8.49155395],[19.72116064],2039.0
540,24.0,[6.05688192],[-8.53280147],[19.72636444],2040.0
541,24.0,[6.1735694],[-8.64640224],[18.99027031],2041.0
542,24.0,[5.99742534],[-8.62175558],[19.41696467],2042.0
543,24.0,[5.8305464],[-8.54194482],[19.92638557],2043.0
544,24.0,[5.95019371],[-8.71778084],[19.06049633],2044.0
545,24.0,[5.53961581],[-8.54383202],[20.45522112],2045.0
546,24.0,[5.61032998],[-8.69188974],[19.67038403],2046.0
547,24.0,[5.38879878],[-8.65894118],[20.15329218],2047.0
548,24.0,[5.2954124],[-8.67963651],[20.29331953],2048.0
549,24.0,[5.28258809],[-8.79671515],[19.79757821],2049.0
550,24.0,[5.17745701],[-8.82827068],[19.86321984],2050.0
551,24.0,[5.07565521],[-8.87637712],[19.91534066],2051.0
552,24.0,[4.80658703],[-8.80574986],[20.45904017],2052.0
553,24.0,[4.70883982],[-8.82850785],[20.48983795],2053.0
554,24.0,[4.8317452],[-8.99932018],[19.63975929],2054.0
555,24.0,[4.57097268],[-8.94927651],[20.14509998],2055.0
556,24.0,[4.58781902],[-9.06425328],[19.65937359],2056.0
557,24.0,[4.48848768],[-9.11358794],[19.70279154],2057.0
558,24.0,[4.14752956],[-8.99437672],[20.57704879],2058.0
559,24.0,[4.05830366],[-9.05110774],[20.57444208],2059.0
560,24.0,[4.06932543],[-9.14653355],[20.11937802],2060.0
561,24.0,[3.95598955],[-9.16320003],[20.0915106],2061.0
562,24.0,[3.74583248],[-9.14304397],[20.50373924],2062.0
563,24.0,[3.80381664],[-9.27570439],[19.69584617],2063.0
564,24.0,[3.5142952],[-9.21665081],[20.4686864],2064.0
565,24.0,[3.54809089],[-9.29247722],[20.04786705],2065.0
566,24.0,[3.46364996],[-9.30864169],[20.02634133],2066.0
567,24.0,[3.24837253],[-9.2733678],[20.4469006],2067.0
568,24.0,[3.16642698],[-9.29106562],[20.41503711],2068.0
569,24.0,[3.10669166],[-9.31916535],[20.41392982],2069.0
570,24.0,[2.9306519],[-9.2899191],[20.79855587],2070.0
571,24.0,[2.8717427],[-9.2899651],[20.79176967],2071.0
572,24.0,[2.93591955],[-9.39573965],[20.26324259],2072.0
573,24.0,[2.63085975],[-9.25830706],[21.18777557],2073.0
574,24.0,[2.67565936],[-9.35345442],[20.73153853],2074.0
575,24.0,[2.6452794],[-9.38352325],[20.6189176],2075.0
576,24.0,[2.42581091],[-9.3337615],[21.04413302],2076.0
577,24.0,[2.60983882],[-9.49591161],[20.13118797],2077.0
578,24.0,[2.39208092],[-9.44730863],[20.54928602],2078.0
579,24.0,[2.20406706],[-9.45825875],[20.85783192],2079.0
580,24.0,[2.1521115],[-9.46226294],[20.82399379],2080.0
581,24.0,[2.0239752],[-9.51583219],[20.73845072],2081.0
582,24.0,[1.9432966],[-9.57888766],[20.59059037],2082.0
583,24.0,[1.83795733],[-9.5857937],[20.53028317],2083.0
584,24.0,[1.77832861],[-9.62996955],[20.41576214],2084.0
585,24.0,[1.61044199],[-9.5943727],[20.75178699],2085.0
586,24.0,[1.50327593],[-9.61454281],[20.69980046],2086.0
587,24.0,[1.54053233],[-9.71698806],[20.18119317],2087.0
588,24.0,[1.48637142],[-9.76360311],[20.04885626],2088.0
589,24.0,[1.31630356],[-9.71305276],[20.38975422],2089.0
590,24.0,[1.10638313],[-9.68659215],[20.76163304],2090.0
591,24.0,[1.05646971],[-9.73559723],[20.61330317],2091.0
592,24.0,[1.0009969],[-9.75243207],[20.48667769],2092.0
593,24.0,[1.00116174],[-9.82060423],[19.99924527],2093.0
594,24.0,[0.64750687],[-9.73531719],[20.88033269],2094.0
595,24.0,[0.529525],[-9.77905016],[20.86608366],2095.0
596,24.0,[0.53140829],[-9.83327367],[20.37369575],2096.0
597,24.0,[0.38436213],[-9.8540853],[20.51928379],2097.0
598,24.0,[0.39300988],[-9.9254845],[20.00724529],2098.0
599,24.0,[0.08185332],[-9.87194033],[20.67051374],2099.0
600,24.0,[-0.01707001],[-9.88199157],[20.48306896],2100.0
601,24.0,[-0.00549692],[-9.96801883],[19.9686422],2101.0
602,24.0,[-0.31236408],[-9.90382005],[20.60686424],2102.0
603,24.0,[-0.444305],[-9.91879088],[20.69379227],2103.0
604,24.0,[-0.535746],[-9.9462953],[20.48474648],2104.0
605,24.0,[-0.65044382],[-9.96275317],[20.45813811],2105.0
606,24.0,[-0.95424585],[-9.90213719],[21.07454984],2106.0
607,24.0,[-0.76061586],[-10.08111098],[20.0067214],2107.0
608,24.0,[-1.06497208],[-10.00627296],[20.62264069],2108.0
609,24.0,[-1.26476049],[-9.97503605],[20.93356191],2109.0
610,24.0,[-1.34646816],[-9.99252714],[20.69215399],2110.0
611,24.0,[-1.42046717],[-10.04266103],[20.42598169],2111.0
612,24.0,[-1.43270802],[-10.0931656],[20.16224689],2112.0
613,24.0,[-1.72543444],[-10.05451476],[20.72911487],2113.0
614,24.0,[-1.67219297],[-10.1550702],[19.89614534],2114.0
615,24.0,[-1.72114573],[-10.18747717],[19.65481855],2115.0
616,24.0,[-2.09730773],[-10.11774993],[20.43954645],2116.0
617,24.0,[-2.12618087],[-10.15258362],[20.1824936],2117.0
618,24.0,[-2.41081611],[-10.10538916],[20.70967267],2118.0
619,24.0,[-2.27598158],[-10.22833287],[19.8244657],2119.0
620,24.0,[-2.46984529],[-10.18710725],[20.10551921],2120.0
621,24.0,[-2.46317337],[-10.24487595],[19.78887104],2121.0
622,24.0,[-2.67231835],[-10.21042654],[20.01902911],2122.0
623,24.0,[-2.8595995],[-10.17309773],[20.2730105],2123.0
624,24.0,[-2.91572366],[-10.22908083],[19.96369614],2124.0
625,24.0,[-3.18750671],[-10.16074038],[20.43609072],2125.0
626,24.0,[-3.23772856],[-10.20456977],[20.10958159],2126.0
627,24.0,[-3.28098347],[-10.25157391],[19.76102593],2127.0
628,24.0,[-3.39540529],[-10.26800818],[19.73479895],2128.0
629,24.0,[-3.58466562],[-10.23534993],[19.84895565],2129.0
630,24.0,[-3.85324601],[-10.16971352],[20.30277498],2130.0
631,24.0,[-3.74346906],[-10.27915717],[19.72384744],2131.0
632,24.0,[-3.72224003],[-10.31302255],[19.37214949],2132.0
633,24.0,[-3.90421756],[-10.26463194],[19.60272396],2133.0
634,24.0,[-3.97902001],[-10.28537399],[19.5491454],2134.0
635,24.0,[-3.9545032],[-10.32033338],[19.1902138],2135.0
636,24.0,[-4.23763475],[-10.2244208],[19.96903048],2136.0
637,24.0,[-4.22125984],[-10.25103577],[19.77614175],2137.0
638,24.0,[-4.13365577],[-10.2874709],[19.41249888],2138.0
639,24.0,[-4.41899545],[-10.17675973],[20.19384854],2139.0
640,24.0,[-4.25045813],[-10.25603926],[19.63049263],2140.0
641,24.0,[-4.19479565],[-10.28669113],[19.41213797],2141.0
642,24.0,[-4.19479565],[-10.28669113],[19.41213797],2142.0
643,24.0,[-4.19479565],[-10.28669113],[19.41213797],2143.0
644,24.0,[-4.19479565],[-10.28669113],[19.41213797],2144.0
645,24.0,[-4.25045813],[-10.25603926],[19.63049263],2145.0
646,24.0,[-4.19479565],[-10.28669113],[19.41213797],2146.0
647,24.0,[-4.18791189],[-10.3041818],[19.39039655],2147.0
648,24.0,[-4.18791189],[-10.3041818],[19.39039655],2148.0
649,24.0,[-4.18791189],[-10.3041818],[19.39039655],2149.0
650,24.0,[-4.18791189],[-10.3041818],[19.39039655],2150.0
651,24.0,[-4.40294488],[-10.20322607],[20.00218538],2151.0
652,24.0,[-4.24910157],[-10.30338244],[19.39019383],2152.0
653,24.0,[-4.32651455],[-10.27624213],[19.58090969],2153.0
654,24.0,[-4.43826008],[-10.27632552],[19.78164704],2154.0
655,24.0,[-4.6166892],[-10.24434941],[19.99820473],2155.0
656,24.0,[-4.40275347],[-10.39478195],[19.02111596],2156.0
657,24.0,[-4.63466844],[-10.37973937],[19.21424161],2157.0
658,24.0,[-5.0256367],[-10.31007205],[19.79393301],2158.0
659,24.0,[-5.26619849],[-10.32386228],[19.77591304],2159.0
660,24.0,[-5.17103713],[-10.45711611],[18.80540825],2160.0
661,24.0,[-5.60706395],[-10.40935267],[19.32722652],2161.0
662,24.0,[-5.85899107],[-10.41782866],[19.3462609],2162.0
663,24.0,[-6.1490164],[-10.40504952],[19.51964349],2163.0
664,24.0,[-6.24144116],[-10.46471768],[19.07151906],2164.0
665,24.0,[-6.61718633],[-10.39103803],[19.58025788],2165.0
666,24.0,[-6.75509471],[-10.41126778],[19.31196212],2166.0
667,24.0,[-6.78030315],[-10.53384889],[18.72513067],2167.0
668,24.0,[-7.10964974],[-10.43920055],[19.18132265],2168.0
669,24.0,[-7.39950201],[-10.38082338],[19.47840606],2169.0
670,24.0,[-7.10002031],[-10.55032924],[18.15316305],2170.0
671,24.0,[-7.51333508],[-10.44571185],[18.88506016],2171.0
672,24.0,[-7.79878968],[-10.40361109],[19.16857926],2172.0
673,24.0,[-7.81348529],[-10.43650178],[18.82127301],2173.0
674,24.0,[-7.80305095],[-10.49858988],[18.36632044],2174.0
675,24.0,[-8.02308057],[-10.4483228],[18.5059356],2175.0
676,24.0,[-8.19679946],[-10.4472914],[18.60398482],2176.0
677,24.0,[-8.37881872],[-10.42864715],[18.72476455],2177.0
678,24.0,[-8.38845834],[-10.4623001],[18.37200189],2178.0
679,24.0,[-8.57823609],[-10.43525353],[18.55482411],2179.0
680,24.0,[-8.49169535],[-10.50263614],[18.06870825],2180.0
681,24.0,[-8.61990168],[-10.48504016],[18.08252427],2181.0
682,24.0,[-8.72491141],[-10.48765723],[18.1596039],2182.0
683,24.0,[-8.82754403],[-10.43950251],[18.18738636],2183.0
684,24.0,[-8.91174897],[-10.4559597],[18.16557509],2184.0
685,24.0,[-8.99047935],[-10.41469451],[18.25207282],2185.0
686,24.0,[-9.07312864],[-10.40008356],[18.35137568],2186.0
687,24.0,[-9.17040701],[-10.41121514],[18.36586324],2187.0
688,24.0,[-9.24720505],[-10.38479785],[18.44815632],2188.0
689,24.0,[-9.35662984],[-10.37145592],[18.53604062],2189.0
690,24.0,[-9.21755965],[-10.43834292],[17.95638412],2190.0
691,24.0,[-9.33816923],[-10.41490314],[18.1163414],2191.0
692,24.0,[-9.1151964],[-10.52505658],[17.43765323],2192.0
693,24.0,[-9.17779463],[-10.50981756],[17.44024449],2193.0
694,24.0,[-9.47414736],[-10.41156186],[18.02575681],2194.0
695,24.0,[-9.37769302],[-10.46735],[17.52433033],2195.0
696,24.0,[-9.65915666],[-10.37241403],[18.19091088],2196.0
697,24.0,[-9.49248129],[-10.43216597],[17.66734979],2197.0
698,24.0,[-9.59679866],[-10.42071338],[17.74174326],2198.0
699,24.0,[-9.66092725],[-10.40494685],[17.747803],2199.0
700,24.0,[-9.73306386],[-10.39445961],[17.81769264],2200.0
701,24.0,[-9.72423475],[-10.40351419],[17.75320234],2201.0
702,24.0,[-9.51890062],[-10.48611132],[17.17087088],2202.0
703,24.0,[-9.55899942],[-10.47646597],[17.23719419],2203.0
704,24.0,[-9.76436941],[-10.39388528],[17.81938321],2204.0
705,24.0,[-9.79639325],[-10.39303637],[17.82303104],2205.0
706,24.0,[-9.79639325],[-10.39303637],[17.82303104],2206.0
707,24.0,[-9.79639325],[-10.39303637],[17.82303104],2207.0
708,24.0,[-9.75587067],[-10.40281107],[17.755806],2208.0
709,24.0,[-9.75587067],[-10.40281107],[17.755806],2209.0
710,24.0,[-9.79639325],[-10.39303637],[17.82303104],2210.0
711,24.0,[-9.79639325],[-10.39303637],[17.82303104],2211.0
712,24.0,[-9.79639325],[-10.39303637],[17.82303104],2212.0
713,24.0,[-9.75587067],[-10.40281107],[17.755806],2213.0
714,24.0,[-9.79639325],[-10.39303637],[17.82303104],2214.0
715,24.0,[-9.79639325],[-10.39303637],[17.82303104],2215.0
716,24.0,[-9.79639325],[-10.39303637],[17.82303104],2216.0
717,24.0,[-9.79639325],[-10.39303637],[17.82303104],2217.0
718,24.0,[-9.79639325],[-10.39303637],[17.82303104],2218.0
719,24.0,[-9.79639325],[-10.39303637],[17.82303104],2219.0
720,24.0,[-9.79639325],[-10.39303637],[17.82303104],2220.0
721,24.0,[-9.79639325],[-10.39303637],[17.82303104],2221.0
722,24.0,[-9.79639325],[-10.39303637],[17.82303104],2222.0
723,24.0,[-9.79639325],[-10.39303637],[17.82303104],2223.0
724,24.0,[-9.79639325],[-10.39303637],[17.82303104],2224.0
725,24.0,[-9.79639325],[-10.39303637],[17.82303104],2225.0
726,24.0,[-9.79639325],[-10.39303637],[17.82303104],2226.0
727,24.0,[-9.79639325],[-10.39303637],[17.82303104],2227.0
728,24.0,[-9.79639325],[-10.39303637],[17.82303104],2228.0
729,24.0,[-9.76436941],[-10.39388528],[17.81938321],2229.0
730,24.0,[-9.79639325],[-10.39303637],[17.82303104],2230.0
731,24.0,[-9.79639325],[-10.39303637],[17.82303104],2231.0
732,24.0,[-9.79639325],[-10.39303637],[17.82303104],2232.0
733,24.0,[-9.79639325],[-10.39303637],[17.82303104],2233.0
734,24.0,[-9.79639325],[-10.39303637],[17.82303104],2234.0
735,24.0,[-9.79639325],[-10.39303637],[17.82303104],2235.0
736,24.0,[-9.79639325],[-10.39303637],[17.82303104],2236.0
737,24.0,[-9.79639325],[-10.39303637],[17.82303104],2237.0
738,24.0,[-9.79639325],[-10.39303637],[17.82303104],2238.0
739,24.0,[-9.79639325],[-10.39303637],[17.82303104],2239.0
740,24.0,[-9.79639325],[-10.39303637],[17.82303104],2240.0
741,24.0,[-9.79639325],[-10.39303637],[17.82303104],2241.0
742,24.0,[-9.79639325],[-10.39303637],[17.82303104],2242.0
743,24.0,[-9.79639325],[-10.39303637],[17.82303104],2243.0
744,24.0,[-9.79639325],[-10.39303637],[17.82303104],2244.0
745,24.0,[-9.79639325],[-10.39303637],[17.82303104],2245.0
746,24.0,[-9.79639325],[-10.39303637],[17.82303104],2246.0
747,24.0,[-9.80306589],[-10.38479186],[17.88179368],2247.0
748,24.0,[-9.79639325],[-10.39303637],[17.82303104],2248.0
749,24.0,[-9.79639325],[-10.39303637],[17.82303104],2249.0
750,24.0,[-9.80306589],[-10.38479186],[17.88179368],2250.0
751,24.0,[-9.80306589],[-10.38479186],[17.88179368],2251.0
752,24.0,[-9.80306589],[-10.38479186],[17.88179368],2252.0
753,24.0,[-9.79639325],[-10.39303637],[17.82303104],2253.0
754,24.0,[-9.79639325],[-10.39303637],[17.82303104],2254.0
755,24.0,[-9.79639325],[-10.39303637],[17.82303104],2255.0
756,24.0,[-9.79639325],[-10.39303637],[17.82303104],2256.0
757,24.0,[-9.79639325],[-10.39303637],[17.82303104],2257.0
758,24.0,[-9.79639325],[-10.39303637],[17.82303104],2258.0
759,24.0,[-9.79639325],[-10.39303637],[17.82303104],2259.0
760,24.0,[-9.79639325],[-10.39303637],[17.82303104],2260.0
761,24.0,[-9.79639325],[-10.39303637],[17.82303104],2261.0
762,24.0,[-9.79639325],[-10.39303637],[17.82303104],2262.0
763,24.0,[-9.79639325],[-10.39303637],[17.82303104],2263.0
764,24.0,[-9.79639325],[-10.39303637],[17.82303104],2264.0
765,24.0,[-9.79639325],[-10.39303637],[17.82303104],2265.0
766,24.0,[-9.79639325],[-10.39303637],[17.82303104],2266.0
767,24.0,[-9.79639325],[-10.39303637],[17.82303104],2267.0
768,24.0,[-9.79639325],[-10.39303637],[17.82303104],2268.0
769,24.0,[-9.79639325],[-10.39303637],[17.82303104],2269.0
770,24.0,[-9.79639325],[-10.39303637],[17.82303104],2270.0
771,24.0,[-9.79639325],[-10.39303637],[17.82303104],2271.0
772,24.0,[-9.79639325],[-10.39303637],[17.82303104],2272.0
773,24.0,[-9.79639325],[-10.39303637],[17.82303104],2273.0
774,24.0,[-9.79639325],[-10.39303637],[17.82303104],2274.0
775,24.0,[-9.79639325],[-10.39303637],[17.82303104],2275.0
776,24.0,[-9.79639325],[-10.39303637],[17.82303104],2276.0
777,24.0,[-9.79639325],[-10.39303637],[17.82303104],2277.0
778,24.0,[-9.79639325],[-10.39303637],[17.82303104],2278.0
779,24.0,[-9.79639325],[-10.39303637],[17.82303104],2279.0
780,24.0,[-9.79639325],[-10.39303637],[17.82303104],2280.0
781,24.0,[-9.79639325],[-10.39303637],[17.82303104],2281.0
782,24.0,[-9.79639325],[-10.39303637],[17.82303104],2282.0
783,24.0,[-9.79639325],[-10.39303637],[17.82303104],2283.0
784,24.0,[-9.79639325],[-10.39303637],[17.82303104],2284.0
785,24.0,[-9.79639325],[-10.39303637],[17.82303104],2285.0
786,24.0,[-9.79639325],[-10.39303637],[17.82303104],2286.0
787,24.0,[-9.79639325],[-10.39303637],[17.82303104],2287.0
788,24.0,[-9.79639325],[-10.39303637],[17.82303104],2288.0
789,24.0,[-9.79639325],[-10.39303637],[17.82303104],2289.0
790,24.0,[-9.79639325],[-10.39303637],[17.82303104],2290.0
791,24.0,[-9.79639325],[-10.39303637],[17.82303104],2291.0
792,24.0,[-9.79639325],[-10.39303637],[17.82303104],2292.0
793,24.0,[-9.75587067],[-10.40281107],[17.755806],2293.0
794,24.0,[-9.79639325],[-10.39303637],[17.82303104],2294.0
795,24.0,[-9.79639325],[-10.39303637],[17.82303104],2295.0
796,24.0,[-9.75587067],[-10.40281107],[17.755806],2296.0
797,24.0,[-9.7547802],[-10.41724236],[17.75447075],2297.0
798,24.0,[-9.74537766],[-10.42649459],[17.68855355],2298.0
799,24.0,[-9.97268344],[-10.35271406],[18.20614738],2299.0
800,24.0,[-9.70543234],[-10.46384115],[17.4206276],2300.0
